[1/1753] Generating 'libsystem_arm.a.p/decode-t32.c.inc'
[2/1753] Generating 'libsystem_arm.a.p/decode-t16.c.inc'
[3/1753] Generating qemu-version.h with a custom command (wrapped by meson to capture output)
fatal: No names found, cannot describe anything.

[4/1753] Generating 'libsystem_arm.a.p/decode-vfp.c.inc'
[5/1753] Compiling C object libqemuutil.a.p/meson-generated_.._qapi_qapi-types.c.obj
[6/1753] Compiling C object libqemuutil.a.p/meson-generated_.._qapi_qapi-introspect.c.obj
[7/1753] Compiling C object libqemuutil.a.p/meson-generated_.._qapi_qapi-visit.c.obj
[8/1753] Compiling C object libqemuutil.a.p/meson-generated_.._qapi_qapi-commands.c.obj
[9/1753] Compiling C object libqemuutil.a.p/meson-generated_.._qapi_qapi-events.c.obj
[10/1753] Compiling C object libqemuutil.a.p/meson-generated_.._qapi_qapi-init-commands.c.obj
[11/1753] Compiling C object libqemuutil.a.p/meson-generated_.._qapi_qapi-emit-events.c.obj
[12/1753] Compiling C object libqemuutil.a.p/meson-generated_.._qapi_qapi-builtin-types.c.obj
[13/1753] Compiling C object libqemuutil.a.p/meson-generated_.._qapi_qapi-builtin-visit.c.obj
[14/1753] Compiling C object libqemuutil.a.p/meson-generated_.._qapi_qapi-types-authz.c.obj
[15/1753] Compiling C object libqemuutil.a.p/meson-generated_.._qapi_qapi-events-authz.c.obj
[16/1753] Compiling C object libqemuutil.a.p/meson-generated_.._qapi_qapi-visit-authz.c.obj
[17/1753] Compiling C object libqemuutil.a.p/meson-generated_.._qapi_qapi-commands-authz.c.obj
[18/1753] Compiling C object libqemuutil.a.p/meson-generated_.._qapi_qapi-types-block.c.obj
[19/1753] Compiling C object libqemuutil.a.p/meson-generated_.._qapi_qapi-visit-block.c.obj
[20/1753] Compiling C object libqemuutil.a.p/meson-generated_.._qapi_qapi-events-block.c.obj
[21/1753] Compiling C object libqemuutil.a.p/meson-generated_.._qapi_qapi-commands-block.c.obj
[22/1753] Compiling C object libqemuutil.a.p/meson-generated_.._qapi_qapi-types-block-core.c.obj
[23/1753] Compiling C object libqemuutil.a.p/meson-generated_.._qapi_qapi-events-block-core.c.obj
[24/1753] Compiling C object libqemuutil.a.p/meson-generated_.._qapi_qapi-commands-block-core.c.obj
[25/1753] Compiling C object libqemuutil.a.p/meson-generated_.._qapi_qapi-visit-block-core.c.obj
[26/1753] Compiling C object libqemuutil.a.p/meson-generated_.._qapi_qapi-types-block-export.c.obj
[27/1753] Compiling C object libqemuutil.a.p/meson-generated_.._qapi_qapi-events-block-export.c.obj
[28/1753] Compiling C object libqemuutil.a.p/meson-generated_.._qapi_qapi-visit-block-export.c.obj
[29/1753] Compiling C object libqemuutil.a.p/meson-generated_.._qapi_qapi-commands-block-export.c.obj
[30/1753] Compiling C object libqemuutil.a.p/meson-generated_.._qapi_qapi-types-char.c.obj
[31/1753] Compiling C object libqemuutil.a.p/meson-generated_.._qapi_qapi-events-char.c.obj
[32/1753] Compiling C object libqemuutil.a.p/meson-generated_.._qapi_qapi-visit-char.c.obj
[33/1753] Compiling C object libqemuutil.a.p/meson-generated_.._qapi_qapi-commands-char.c.obj
[34/1753] Compiling C object libqemuutil.a.p/meson-generated_.._qapi_qapi-types-common.c.obj
[35/1753] Compiling C object libqemuutil.a.p/meson-generated_.._qapi_qapi-visit-common.c.obj
[36/1753] Compiling C object libqemuutil.a.p/meson-generated_.._qapi_qapi-events-common.c.obj
[37/1753] Compiling C object libqemuutil.a.p/meson-generated_.._qapi_qapi-commands-common.c.obj
[38/1753] Compiling C object libqemuutil.a.p/meson-generated_.._qapi_qapi-types-compat.c.obj
[39/1753] Compiling C object libqemuutil.a.p/meson-generated_.._qapi_qapi-visit-compat.c.obj
[40/1753] Compiling C object libqemuutil.a.p/meson-generated_.._qapi_qapi-events-compat.c.obj
[41/1753] Compiling C object libqemuutil.a.p/meson-generated_.._qapi_qapi-commands-compat.c.obj
[42/1753] Compiling C object libqemuutil.a.p/meson-generated_.._qapi_qapi-types-control.c.obj
[43/1753] Compiling C object libqemuutil.a.p/meson-generated_.._qapi_qapi-visit-control.c.obj
[44/1753] Compiling C object libqemuutil.a.p/meson-generated_.._qapi_qapi-events-control.c.obj
[45/1753] Compiling C object libqemuutil.a.p/meson-generated_.._qapi_qapi-commands-control.c.obj
[46/1753] Compiling C object libqemuutil.a.p/meson-generated_.._qapi_qapi-types-crypto.c.obj
[47/1753] Compiling C object libqemuutil.a.p/meson-generated_.._qapi_qapi-events-crypto.c.obj
[48/1753] Compiling C object libqemuutil.a.p/meson-generated_.._qapi_qapi-visit-crypto.c.obj
[49/1753] Compiling C object libqemuutil.a.p/meson-generated_.._qapi_qapi-commands-crypto.c.obj
[50/1753] Compiling C object libqemuutil.a.p/meson-generated_.._qapi_qapi-types-cxl.c.obj
[51/1753] Compiling C object libqemuutil.a.p/meson-generated_.._qapi_qapi-visit-cxl.c.obj
[52/1753] Compiling C object libqemuutil.a.p/meson-generated_.._qapi_qapi-events-cxl.c.obj
[53/1753] Compiling C object libqemuutil.a.p/meson-generated_.._qapi_qapi-commands-cxl.c.obj
[54/1753] Compiling C object libqemuutil.a.p/meson-generated_.._qapi_qapi-types-dump.c.obj
[55/1753] Compiling C object libqemuutil.a.p/meson-generated_.._qapi_qapi-events-dump.c.obj
[56/1753] Compiling C object libqemuutil.a.p/meson-generated_.._qapi_qapi-visit-dump.c.obj
[57/1753] Compiling C object libqemuutil.a.p/meson-generated_.._qapi_qapi-types-ebpf.c.obj
[58/1753] Compiling C object libqemuutil.a.p/meson-generated_.._qapi_qapi-commands-dump.c.obj
[59/1753] Compiling C object libqemuutil.a.p/meson-generated_.._qapi_qapi-visit-ebpf.c.obj
[60/1753] Compiling C object libqemuutil.a.p/meson-generated_.._qapi_qapi-events-ebpf.c.obj
[61/1753] Compiling C object libqemuutil.a.p/meson-generated_.._qapi_qapi-commands-ebpf.c.obj
[62/1753] Compiling C object libqemuutil.a.p/meson-generated_.._qapi_qapi-types-error.c.obj
[63/1753] Compiling C object libqemuutil.a.p/meson-generated_.._qapi_qapi-visit-error.c.obj
[64/1753] Compiling C object libqemuutil.a.p/meson-generated_.._qapi_qapi-events-error.c.obj
[65/1753] Compiling C object libqemuutil.a.p/meson-generated_.._qapi_qapi-commands-error.c.obj
[66/1753] Compiling C object libqemuutil.a.p/meson-generated_.._qapi_qapi-types-introspect.c.obj
[67/1753] Compiling C object libqemuutil.a.p/meson-generated_.._qapi_qapi-events-introspect.c.obj
[68/1753] Compiling C object libqemuutil.a.p/meson-generated_.._qapi_qapi-visit-introspect.c.obj
[69/1753] Compiling C object libqemuutil.a.p/meson-generated_.._qapi_qapi-commands-introspect.c.obj
[70/1753] Compiling C object libqemuutil.a.p/meson-generated_.._qapi_qapi-types-job.c.obj
[71/1753] Compiling C object libqemuutil.a.p/meson-generated_.._qapi_qapi-visit-job.c.obj
[72/1753] Compiling C object libqemuutil.a.p/meson-generated_.._qapi_qapi-events-job.c.obj
[73/1753] Compiling C object libqemuutil.a.p/meson-generated_.._qapi_qapi-types-machine-common.c.obj
[74/1753] Compiling C object libqemuutil.a.p/meson-generated_.._qapi_qapi-commands-job.c.obj
[75/1753] Compiling C object libqemuutil.a.p/meson-generated_.._qapi_qapi-events-machine-common.c.obj
[76/1753] Compiling C object libqemuutil.a.p/meson-generated_.._qapi_qapi-visit-machine-common.c.obj
[77/1753] Compiling C object libqemuutil.a.p/meson-generated_.._qapi_qapi-commands-machine-common.c.obj
[78/1753] Compiling C object libqemuutil.a.p/meson-generated_.._qapi_qapi-types-machine.c.obj
[79/1753] Compiling C object libqemuutil.a.p/meson-generated_.._qapi_qapi-events-machine.c.obj
[80/1753] Compiling C object libqemuutil.a.p/meson-generated_.._qapi_qapi-visit-machine.c.obj
[81/1753] Compiling C object libqemuutil.a.p/meson-generated_.._qapi_qapi-types-machine-s390x.c.obj
[82/1753] Compiling C object libqemuutil.a.p/meson-generated_.._qapi_qapi-commands-machine.c.obj
[83/1753] Compiling C object libqemuutil.a.p/meson-generated_.._qapi_qapi-visit-machine-s390x.c.obj
[84/1753] Compiling C object libqemuutil.a.p/meson-generated_.._qapi_qapi-events-machine-s390x.c.obj
[85/1753] Compiling C object libqemuutil.a.p/meson-generated_.._qapi_qapi-commands-machine-s390x.c.obj
[86/1753] Compiling C object libqemuutil.a.p/meson-generated_.._qapi_qapi-types-migration.c.obj
[87/1753] Compiling C object libqemuutil.a.p/meson-generated_.._qapi_qapi-events-migration.c.obj
[88/1753] Compiling C object libqemuutil.a.p/meson-generated_.._qapi_qapi-visit-migration.c.obj
[89/1753] Compiling C object libqemuutil.a.p/meson-generated_.._qapi_qapi-types-misc.c.obj
[90/1753] Compiling C object libqemuutil.a.p/meson-generated_.._qapi_qapi-commands-migration.c.obj
[91/1753] Compiling C object libqemuutil.a.p/meson-generated_.._qapi_qapi-events-misc.c.obj
[92/1753] Compiling C object libqemuutil.a.p/meson-generated_.._qapi_qapi-visit-misc.c.obj
[93/1753] Compiling C object libqemuutil.a.p/meson-generated_.._qapi_qapi-types-net.c.obj
[94/1753] Compiling C object libqemuutil.a.p/meson-generated_.._qapi_qapi-commands-misc.c.obj
[95/1753] Compiling C object libqemuutil.a.p/meson-generated_.._qapi_qapi-events-net.c.obj
[96/1753] Compiling C object libqemuutil.a.p/meson-generated_.._qapi_qapi-visit-net.c.obj
[97/1753] Compiling C object libqemuutil.a.p/meson-generated_.._qapi_qapi-commands-net.c.obj
[98/1753] Compiling C object libqemuutil.a.p/meson-generated_.._qapi_qapi-types-pragma.c.obj
[99/1753] Compiling C object libqemuutil.a.p/meson-generated_.._qapi_qapi-visit-pragma.c.obj
[100/1753] Compiling C object libqemuutil.a.p/meson-generated_.._qapi_qapi-events-pragma.c.obj
[101/1753] Compiling C object libqemuutil.a.p/meson-generated_.._qapi_qapi-commands-pragma.c.obj
[102/1753] Compiling C object libqemuutil.a.p/meson-generated_.._qapi_qapi-types-qom.c.obj
[103/1753] Compiling C object libqemuutil.a.p/meson-generated_.._qapi_qapi-events-qom.c.obj
[104/1753] Compiling C object libqemuutil.a.p/meson-generated_.._qapi_qapi-visit-qom.c.obj
[105/1753] Compiling C object libqemuutil.a.p/meson-generated_.._qapi_qapi-commands-qom.c.obj
[106/1753] Compiling C object libqemuutil.a.p/meson-generated_.._qapi_qapi-types-replay.c.obj
[107/1753] Compiling C object libqemuutil.a.p/meson-generated_.._qapi_qapi-visit-replay.c.obj
[108/1753] Compiling C object libqemuutil.a.p/meson-generated_.._qapi_qapi-events-replay.c.obj
[109/1753] Compiling C object libqemuutil.a.p/meson-generated_.._qapi_qapi-commands-replay.c.obj
[110/1753] Compiling C object libqemuutil.a.p/meson-generated_.._qapi_qapi-types-run-state.c.obj
[111/1753] Compiling C object libqemuutil.a.p/meson-generated_.._qapi_qapi-events-run-state.c.obj
[112/1753] Compiling C object libqemuutil.a.p/meson-generated_.._qapi_qapi-visit-run-state.c.obj
[113/1753] Compiling C object libqemuutil.a.p/meson-generated_.._qapi_qapi-commands-run-state.c.obj
[114/1753] Compiling C object libqemuutil.a.p/meson-generated_.._qapi_qapi-types-sockets.c.obj
[115/1753] Compiling C object libqemuutil.a.p/meson-generated_.._qapi_qapi-events-sockets.c.obj
[116/1753] Compiling C object libqemuutil.a.p/meson-generated_.._qapi_qapi-visit-sockets.c.obj
[117/1753] Compiling C object libqemuutil.a.p/meson-generated_.._qapi_qapi-commands-sockets.c.obj
[118/1753] Compiling C object libqemuutil.a.p/meson-generated_.._qapi_qapi-types-stats.c.obj
[119/1753] Compiling C object libqemuutil.a.p/meson-generated_.._qapi_qapi-visit-stats.c.obj
[120/1753] Compiling C object libqemuutil.a.p/meson-generated_.._qapi_qapi-events-stats.c.obj
[121/1753] Compiling C object libqemuutil.a.p/meson-generated_.._qapi_qapi-types-trace.c.obj
[122/1753] Compiling C object libqemuutil.a.p/meson-generated_.._qapi_qapi-commands-stats.c.obj
[123/1753] Compiling C object libqemuutil.a.p/meson-generated_.._qapi_qapi-events-trace.c.obj
[124/1753] Compiling C object libqemuutil.a.p/meson-generated_.._qapi_qapi-visit-trace.c.obj
[125/1753] Compiling C object libqemuutil.a.p/meson-generated_.._qapi_qapi-commands-trace.c.obj
[126/1753] Compiling C object libqemuutil.a.p/meson-generated_.._qapi_qapi-types-transaction.c.obj
[127/1753] Compiling C object libqemuutil.a.p/meson-generated_.._qapi_qapi-events-transaction.c.obj
[128/1753] Compiling C object libqemuutil.a.p/meson-generated_.._qapi_qapi-visit-transaction.c.obj
[129/1753] Compiling C object libqemuutil.a.p/meson-generated_.._qapi_qapi-commands-transaction.c.obj
[130/1753] Compiling C object libqemuutil.a.p/meson-generated_.._qapi_qapi-types-vfio.c.obj
[131/1753] Compiling C object libqemuutil.a.p/meson-generated_.._qapi_qapi-visit-vfio.c.obj
[132/1753] Compiling C object libqemuutil.a.p/meson-generated_.._qapi_qapi-events-vfio.c.obj
[133/1753] Compiling C object libqemuutil.a.p/meson-generated_.._qapi_qapi-commands-vfio.c.obj
[134/1753] Compiling C object libqemuutil.a.p/meson-generated_.._qapi_qapi-types-virtio.c.obj
[135/1753] Compiling C object libqemuutil.a.p/meson-generated_.._qapi_qapi-events-virtio.c.obj
[136/1753] Compiling C object libqemuutil.a.p/meson-generated_.._qapi_qapi-visit-virtio.c.obj
[137/1753] Compiling C object libqemuutil.a.p/meson-generated_.._qapi_qapi-commands-virtio.c.obj
[138/1753] Compiling C object libqemuutil.a.p/meson-generated_.._qapi_qapi-types-yank.c.obj
[139/1753] Compiling C object libqemuutil.a.p/meson-generated_.._qapi_qapi-events-yank.c.obj
[140/1753] Compiling C object libqemuutil.a.p/meson-generated_.._qapi_qapi-visit-yank.c.obj
[141/1753] Compiling C object libqemuutil.a.p/meson-generated_.._qapi_qapi-types-accelerator.c.obj
[142/1753] Compiling C object libqemuutil.a.p/meson-generated_.._qapi_qapi-commands-yank.c.obj
[143/1753] Compiling C object libqemuutil.a.p/meson-generated_.._qapi_qapi-events-accelerator.c.obj
[144/1753] Compiling C object libqemuutil.a.p/meson-generated_.._qapi_qapi-visit-accelerator.c.obj
[145/1753] Compiling C object libqemuutil.a.p/meson-generated_.._qapi_qapi-types-acpi.c.obj
[146/1753] Compiling C object libqemuutil.a.p/meson-generated_.._qapi_qapi-commands-accelerator.c.obj
[147/1753] Compiling C object libqemuutil.a.p/meson-generated_.._qapi_qapi-events-acpi.c.obj
[148/1753] Compiling C object libqemuutil.a.p/meson-generated_.._qapi_qapi-visit-acpi.c.obj
[149/1753] Compiling C object libqemuutil.a.p/meson-generated_.._qapi_qapi-types-acpi-hest.c.obj
[150/1753] Compiling C object libqemuutil.a.p/meson-generated_.._qapi_qapi-commands-acpi.c.obj
[151/1753] Compiling C object libqemuutil.a.p/meson-generated_.._qapi_qapi-visit-acpi-hest.c.obj
[152/1753] Compiling C object libqemuutil.a.p/meson-generated_.._qapi_qapi-events-acpi-hest.c.obj
[153/1753] Compiling C object libqemuutil.a.p/meson-generated_.._qapi_qapi-commands-acpi-hest.c.obj
[154/1753] Compiling C object libqemuutil.a.p/meson-generated_.._qapi_qapi-types-audio.c.obj
[155/1753] Compiling C object libqemuutil.a.p/meson-generated_.._qapi_qapi-events-audio.c.obj
[156/1753] Compiling C object libqemuutil.a.p/meson-generated_.._qapi_qapi-visit-audio.c.obj
[157/1753] Compiling C object libqemuutil.a.p/meson-generated_.._qapi_qapi-commands-audio.c.obj
[158/1753] Compiling C object libqemuutil.a.p/meson-generated_.._qapi_qapi-types-cryptodev.c.obj
[159/1753] Compiling C object libqemuutil.a.p/meson-generated_.._qapi_qapi-visit-cryptodev.c.obj
[160/1753] Compiling C object libqemuutil.a.p/meson-generated_.._qapi_qapi-events-cryptodev.c.obj
[161/1753] Compiling C object libqemuutil.a.p/meson-generated_.._qapi_qapi-commands-cryptodev.c.obj
[162/1753] Compiling C object libqemuutil.a.p/meson-generated_.._qapi_qapi-types-qdev.c.obj
[163/1753] Compiling C object libqemuutil.a.p/meson-generated_.._qapi_qapi-visit-qdev.c.obj
[164/1753] Compiling C object libqemuutil.a.p/meson-generated_.._qapi_qapi-events-qdev.c.obj
[165/1753] Compiling C object libqemuutil.a.p/meson-generated_.._qapi_qapi-commands-qdev.c.obj
[166/1753] Compiling C object libqemuutil.a.p/meson-generated_.._qapi_qapi-types-pci.c.obj
[167/1753] Compiling C object libqemuutil.a.p/meson-generated_.._qapi_qapi-visit-pci.c.obj
[168/1753] Compiling C object libqemuutil.a.p/meson-generated_.._qapi_qapi-events-pci.c.obj
[169/1753] Compiling C object libqemuutil.a.p/meson-generated_.._qapi_qapi-commands-pci.c.obj
[170/1753] Compiling C object libqemuutil.a.p/meson-generated_.._qapi_qapi-types-rocker.c.obj
[171/1753] Compiling C object libqemuutil.a.p/meson-generated_.._qapi_qapi-events-rocker.c.obj
[172/1753] Compiling C object libqemuutil.a.p/meson-generated_.._qapi_qapi-visit-rocker.c.obj
[173/1753] Compiling C object libqemuutil.a.p/meson-generated_.._qapi_qapi-commands-rocker.c.obj
[174/1753] Compiling C object libqemuutil.a.p/meson-generated_.._qapi_qapi-types-misc-arm.c.obj
[175/1753] Compiling C object libqemuutil.a.p/meson-generated_.._qapi_qapi-visit-misc-arm.c.obj
[176/1753] Compiling C object libqemuutil.a.p/meson-generated_.._qapi_qapi-events-misc-arm.c.obj
[177/1753] Compiling C object libqemuutil.a.p/meson-generated_.._qapi_qapi-commands-misc-arm.c.obj
[178/1753] Compiling C object libqemuutil.a.p/meson-generated_.._qapi_qapi-types-misc-i386.c.obj
[179/1753] Compiling C object libqemuutil.a.p/meson-generated_.._qapi_qapi-events-misc-i386.c.obj
[180/1753] Compiling C object libqemuutil.a.p/meson-generated_.._qapi_qapi-visit-misc-i386.c.obj
[181/1753] Compiling C object libqemuutil.a.p/meson-generated_.._qapi_qapi-types-tpm.c.obj
[182/1753] Compiling C object libqemuutil.a.p/meson-generated_.._qapi_qapi-commands-misc-i386.c.obj
[183/1753] Compiling C object libqemuutil.a.p/meson-generated_.._qapi_qapi-visit-tpm.c.obj
[184/1753] Compiling C object libqemuutil.a.p/meson-generated_.._qapi_qapi-events-tpm.c.obj
[185/1753] Compiling C object libqemuutil.a.p/meson-generated_.._qapi_qapi-commands-tpm.c.obj
[186/1753] Compiling C object libqemuutil.a.p/meson-generated_.._qapi_qapi-types-uefi.c.obj
[187/1753] Compiling C object libqemuutil.a.p/meson-generated_.._qapi_qapi-visit-uefi.c.obj
[188/1753] Compiling C object libqemuutil.a.p/meson-generated_.._qapi_qapi-events-uefi.c.obj
[189/1753] Compiling C object libqemuutil.a.p/meson-generated_.._qapi_qapi-commands-uefi.c.obj
[190/1753] Compiling C object libqemuutil.a.p/meson-generated_.._qapi_qapi-types-ui.c.obj
[191/1753] Compiling C object libqemuutil.a.p/meson-generated_.._qapi_qapi-events-ui.c.obj
[192/1753] Compiling C object libqemuutil.a.p/meson-generated_.._qapi_qapi-visit-ui.c.obj
[193/1753] Compiling C object libqemuutil.a.p/meson-generated_.._qapi_qapi-commands-ui.c.obj
[194/1753] Compiling C object libqemuutil.a.p/meson-generated_.._trace_trace-root.c.obj
[195/1753] Compiling C object libqemuutil.a.p/meson-generated_.._trace_trace-crypto.c.obj
[196/1753] Compiling C object libqemuutil.a.p/meson-generated_.._trace_trace-qapi.c.obj
[197/1753] Compiling C object libqemuutil.a.p/meson-generated_.._trace_trace-qom.c.obj
[198/1753] Compiling C object libqemuutil.a.p/meson-generated_.._trace_trace-monitor.c.obj
[199/1753] Compiling C object libqemuutil.a.p/meson-generated_.._trace_trace-util.c.obj
[200/1753] Compiling C object libqemuutil.a.p/meson-generated_.._trace_trace-gdbstub.c.obj
[201/1753] Compiling C object libqemuutil.a.p/meson-generated_.._trace_trace-tools_qemu_vnc.c.obj
[202/1753] Compiling C object libqemuutil.a.p/meson-generated_.._trace_trace-authz.c.obj
[203/1753] Compiling C object libqemuutil.a.p/meson-generated_.._trace_trace-block.c.obj
[204/1753] Compiling C object libqemuutil.a.p/meson-generated_.._trace_trace-chardev.c.obj
[205/1753] Compiling C object libqemuutil.a.p/meson-generated_.._trace_trace-io.c.obj
[206/1753] Compiling C object libqemuutil.a.p/meson-generated_.._trace_trace-nbd.c.obj
[207/1753] Compiling C object libqemuutil.a.p/meson-generated_.._trace_trace-scsi.c.obj
[208/1753] Compiling C object libqemuutil.a.p/meson-generated_.._trace_trace-accel_hvf.c.obj
[209/1753] Compiling C object libqemuutil.a.p/meson-generated_.._trace_trace-accel_kvm.c.obj
[210/1753] Compiling C object libqemuutil.a.p/meson-generated_.._trace_trace-accel_mshv.c.obj
[211/1753] Compiling C object libqemuutil.a.p/meson-generated_.._trace_trace-accel_nitro.c.obj
[212/1753] Compiling C object libqemuutil.a.p/meson-generated_.._trace_trace-audio.c.obj
[213/1753] Compiling C object libqemuutil.a.p/meson-generated_.._trace_trace-backends.c.obj
[214/1753] Compiling C object libqemuutil.a.p/meson-generated_.._trace_trace-backends_tpm.c.obj
[215/1753] Compiling C object libqemuutil.a.p/meson-generated_.._trace_trace-ebpf.c.obj
[216/1753] Compiling C object libqemuutil.a.p/meson-generated_.._trace_trace-hw_9pfs.c.obj
[217/1753] Compiling C object libqemuutil.a.p/meson-generated_.._trace_trace-hw_acpi.c.obj
[218/1753] Compiling C object libqemuutil.a.p/meson-generated_.._trace_trace-hw_adc.c.obj
[219/1753] Compiling C object libqemuutil.a.p/meson-generated_.._trace_trace-hw_alpha.c.obj
[220/1753] Compiling C object libqemuutil.a.p/meson-generated_.._trace_trace-hw_arm.c.obj
[221/1753] Compiling C object libqemuutil.a.p/meson-generated_.._trace_trace-hw_audio.c.obj
[222/1753] Compiling C object libqemuutil.a.p/meson-generated_.._trace_trace-hw_block.c.obj
[223/1753] Compiling C object libqemuutil.a.p/meson-generated_.._trace_trace-hw_char.c.obj
[224/1753] Compiling C object libqemuutil.a.p/meson-generated_.._trace_trace-hw_display.c.obj
[225/1753] Compiling C object libqemuutil.a.p/meson-generated_.._trace_trace-hw_dma.c.obj
[226/1753] Compiling C object libqemuutil.a.p/meson-generated_.._trace_trace-hw_fsi.c.obj
[227/1753] Compiling C object libqemuutil.a.p/meson-generated_.._trace_trace-hw_hexagon.c.obj
[228/1753] Compiling C object libqemuutil.a.p/meson-generated_.._trace_trace-hw_hyperv.c.obj
[229/1753] Compiling C object libqemuutil.a.p/meson-generated_.._trace_trace-hw_i2c.c.obj
[230/1753] Compiling C object libqemuutil.a.p/meson-generated_.._trace_trace-hw_i3c.c.obj
[231/1753] Compiling C object libqemuutil.a.p/meson-generated_.._trace_trace-hw_i386.c.obj
[232/1753] Compiling C object libqemuutil.a.p/meson-generated_.._trace_trace-hw_i386_xen.c.obj
[233/1753] Compiling C object libqemuutil.a.p/meson-generated_.._trace_trace-hw_i386_kvm.c.obj
[234/1753] Compiling C object libqemuutil.a.p/meson-generated_.._trace_trace-hw_ide.c.obj
[235/1753] Compiling C object libqemuutil.a.p/meson-generated_.._trace_trace-hw_input.c.obj
[236/1753] Compiling C object libqemuutil.a.p/meson-generated_.._trace_trace-hw_intc.c.obj
[237/1753] Compiling C object libqemuutil.a.p/meson-generated_.._trace_trace-hw_isa.c.obj
[238/1753] Compiling C object libqemuutil.a.p/meson-generated_.._trace_trace-hw_mem.c.obj
[239/1753] Compiling C object libqemuutil.a.p/meson-generated_.._trace_trace-hw_mips.c.obj
[240/1753] Compiling C object libqemuutil.a.p/meson-generated_.._trace_trace-hw_misc.c.obj
[241/1753] Compiling C object libqemuutil.a.p/meson-generated_.._trace_trace-hw_misc_macio.c.obj
[242/1753] Compiling C object libqemuutil.a.p/meson-generated_.._trace_trace-hw_net.c.obj
[243/1753] Compiling C object libqemuutil.a.p/meson-generated_.._trace_trace-hw_net_can.c.obj
[244/1753] Compiling C object libqemuutil.a.p/meson-generated_.._trace_trace-hw_nitro.c.obj
[245/1753] Compiling C object libqemuutil.a.p/meson-generated_.._trace_trace-hw_nubus.c.obj
[246/1753] Compiling C object libqemuutil.a.p/meson-generated_.._trace_trace-hw_nvme.c.obj
[247/1753] Compiling C object libqemuutil.a.p/meson-generated_.._trace_trace-hw_nvram.c.obj
[248/1753] Compiling C object libqemuutil.a.p/meson-generated_.._trace_trace-hw_pci.c.obj
[249/1753] Compiling C object libqemuutil.a.p/meson-generated_.._trace_trace-hw_pci_host.c.obj
[250/1753] Compiling C object libqemuutil.a.p/meson-generated_.._trace_trace-hw_ppc.c.obj
[251/1753] Compiling C object libqemuutil.a.p/meson-generated_.._trace_trace-hw_rtc.c.obj
[252/1753] Compiling C object libqemuutil.a.p/meson-generated_.._trace_trace-hw_riscv.c.obj
[253/1753] Compiling C object libqemuutil.a.p/meson-generated_.._trace_trace-hw_s390x.c.obj
[254/1753] Compiling C object libqemuutil.a.p/meson-generated_.._trace_trace-hw_scsi.c.obj
[255/1753] Compiling C object libqemuutil.a.p/meson-generated_.._trace_trace-hw_sd.c.obj
[256/1753] Compiling C object libqemuutil.a.p/meson-generated_.._trace_trace-hw_sensor.c.obj
[257/1753] Compiling C object libqemuutil.a.p/meson-generated_.._trace_trace-hw_sh4.c.obj
[258/1753] Compiling C object libqemuutil.a.p/meson-generated_.._trace_trace-hw_sparc.c.obj
[259/1753] Compiling C object libqemuutil.a.p/meson-generated_.._trace_trace-hw_sparc64.c.obj
[260/1753] Compiling C object libqemuutil.a.p/meson-generated_.._trace_trace-hw_ssi.c.obj
[261/1753] Compiling C object libqemuutil.a.p/meson-generated_.._trace_trace-hw_timer.c.obj
[262/1753] Compiling C object libqemuutil.a.p/meson-generated_.._trace_trace-hw_tpm.c.obj
[263/1753] Compiling C object libqemuutil.a.p/meson-generated_.._trace_trace-hw_uefi.c.obj
[264/1753] Compiling C object libqemuutil.a.p/meson-generated_.._trace_trace-hw_ufs.c.obj
[265/1753] Compiling C object libqemuutil.a.p/meson-generated_.._trace_trace-hw_usb.c.obj
[266/1753] Compiling C object libqemuutil.a.p/meson-generated_.._trace_trace-hw_vfio.c.obj
[267/1753] Compiling C object libqemuutil.a.p/meson-generated_.._trace_trace-hw_vfio_user.c.obj
[268/1753] Compiling C object libqemuutil.a.p/meson-generated_.._trace_trace-hw_virtio.c.obj
[269/1753] Compiling C object libqemuutil.a.p/meson-generated_.._trace_trace-hw_vmapple.c.obj
[270/1753] Compiling C object libqemuutil.a.p/meson-generated_.._trace_trace-hw_watchdog.c.obj
[271/1753] Compiling C object libqemuutil.a.p/meson-generated_.._trace_trace-hw_xen.c.obj
[272/1753] Compiling C object libqemuutil.a.p/meson-generated_.._trace_trace-hw_gpio.c.obj
[273/1753] Compiling C object libqemuutil.a.p/meson-generated_.._trace_trace-migration.c.obj
[274/1753] Compiling C object libqemuutil.a.p/meson-generated_.._trace_trace-net.c.obj
[275/1753] Compiling C object libqemuutil.a.p/meson-generated_.._trace_trace-replay.c.obj
[276/1753] Compiling C object libqemuutil.a.p/meson-generated_.._trace_trace-system.c.obj
[277/1753] Compiling C object libqemuutil.a.p/meson-generated_.._trace_trace-ui.c.obj
[278/1753] Compiling C object libqemuutil.a.p/meson-generated_.._trace_trace-hw_remote.c.obj
[279/1753] Compiling C object libqemuutil.a.p/meson-generated_.._trace_trace-accel_tcg.c.obj
[280/1753] Compiling C object libqemuutil.a.p/meson-generated_.._trace_trace-hw_core.c.obj
[281/1753] Compiling C object libqemuutil.a.p/meson-generated_.._trace_trace-target_arm.c.obj
[282/1753] Compiling C object libqemuutil.a.p/meson-generated_.._trace_trace-target_arm_hvf.c.obj
[283/1753] Compiling C object libqemuutil.a.p/meson-generated_.._trace_trace-target_arm_tcg.c.obj
[284/1753] Compiling C object libqemuutil.a.p/meson-generated_.._trace_trace-target_hppa.c.obj
[285/1753] Compiling C object libqemuutil.a.p/meson-generated_.._trace_trace-target_i386.c.obj
[286/1753] Compiling C object libqemuutil.a.p/meson-generated_.._trace_trace-target_i386_kvm.c.obj
[287/1753] Compiling C object libqemuutil.a.p/meson-generated_.._trace_trace-target_i386_whpx.c.obj
[288/1753] Compiling C object libqemuutil.a.p/meson-generated_.._trace_trace-target_loongarch.c.obj
[289/1753] Compiling C object libqemuutil.a.p/meson-generated_.._trace_trace-target_mips_tcg.c.obj
[290/1753] Compiling C object libqemuutil.a.p/meson-generated_.._trace_trace-target_ppc.c.obj
[291/1753] Compiling C object libqemuutil.a.p/meson-generated_.._trace_trace-target_riscv.c.obj
[292/1753] Compiling C object libqemuutil.a.p/meson-generated_.._trace_trace-target_s390x.c.obj
[293/1753] Compiling C object libqemuutil.a.p/meson-generated_.._trace_trace-target_s390x_kvm.c.obj
[294/1753] Compiling C object libqemuutil.a.p/meson-generated_.._trace_trace-target_sparc.c.obj
[295/1753] Compiling C object libqemuutil.a.p/meson-generated_.._trace_trace-qapi_commands_authz_trace_events.c.obj
[296/1753] Compiling C object libqemuutil.a.p/meson-generated_.._trace_trace-qapi_commands_block_trace_events.c.obj
[297/1753] Compiling C object libqemuutil.a.p/meson-generated_.._trace_trace-qapi_commands_block_core_trace_events.c.obj
[298/1753] Compiling C object libqemuutil.a.p/meson-generated_.._trace_trace-qapi_commands_block_export_trace_events.c.obj
[299/1753] Compiling C object libqemuutil.a.p/meson-generated_.._trace_trace-qapi_commands_char_trace_events.c.obj
[300/1753] Compiling C object libqemuutil.a.p/meson-generated_.._trace_trace-qapi_commands_common_trace_events.c.obj
[301/1753] Compiling C object libqemuutil.a.p/meson-generated_.._trace_trace-qapi_commands_compat_trace_events.c.obj
[302/1753] Compiling C object libqemuutil.a.p/meson-generated_.._trace_trace-qapi_commands_control_trace_events.c.obj
[303/1753] Compiling C object libqemuutil.a.p/meson-generated_.._trace_trace-qapi_commands_crypto_trace_events.c.obj
[304/1753] Compiling C object libqemuutil.a.p/meson-generated_.._trace_trace-qapi_commands_cxl_trace_events.c.obj
[305/1753] Compiling C object libqemuutil.a.p/meson-generated_.._trace_trace-qapi_commands_dump_trace_events.c.obj
[306/1753] Compiling C object libqemuutil.a.p/meson-generated_.._trace_trace-qapi_commands_ebpf_trace_events.c.obj
[307/1753] Compiling C object libqemuutil.a.p/meson-generated_.._trace_trace-qapi_commands_error_trace_events.c.obj
[308/1753] Compiling C object libqemuutil.a.p/meson-generated_.._trace_trace-qapi_commands_introspect_trace_events.c.obj
[309/1753] Compiling C object libqemuutil.a.p/meson-generated_.._trace_trace-qapi_commands_job_trace_events.c.obj
[310/1753] Compiling C object libqemuutil.a.p/meson-generated_.._trace_trace-qapi_commands_machine_common_trace_events.c.obj
[311/1753] Compiling C object libqemuutil.a.p/meson-generated_.._trace_trace-qapi_commands_machine_trace_events.c.obj
[312/1753] Compiling C object libqemuutil.a.p/meson-generated_.._trace_trace-qapi_commands_machine_s390x_trace_events.c.obj
[313/1753] Compiling C object libqemuutil.a.p/meson-generated_.._trace_trace-qapi_commands_migration_trace_events.c.obj
[314/1753] Compiling C object libqemuutil.a.p/meson-generated_.._trace_trace-qapi_commands_misc_trace_events.c.obj
[315/1753] Compiling C object libqemuutil.a.p/meson-generated_.._trace_trace-qapi_commands_net_trace_events.c.obj
[316/1753] Compiling C object libqemuutil.a.p/meson-generated_.._trace_trace-qapi_commands_pragma_trace_events.c.obj
[317/1753] Compiling C object libqemuutil.a.p/meson-generated_.._trace_trace-qapi_commands_qom_trace_events.c.obj
[318/1753] Compiling C object libqemuutil.a.p/meson-generated_.._trace_trace-qapi_commands_replay_trace_events.c.obj
[319/1753] Compiling C object libqemuutil.a.p/meson-generated_.._trace_trace-qapi_commands_run_state_trace_events.c.obj
[320/1753] Compiling C object libqemuutil.a.p/meson-generated_.._trace_trace-qapi_commands_sockets_trace_events.c.obj
[321/1753] Compiling C object libqemuutil.a.p/meson-generated_.._trace_trace-qapi_commands_stats_trace_events.c.obj
[322/1753] Compiling C object libqemuutil.a.p/meson-generated_.._trace_trace-qapi_commands_trace_trace_events.c.obj
[323/1753] Compiling C object libqemuutil.a.p/meson-generated_.._trace_trace-qapi_commands_transaction_trace_events.c.obj
[324/1753] Compiling C object libqemuutil.a.p/meson-generated_.._trace_trace-qapi_commands_vfio_trace_events.c.obj
[325/1753] Compiling C object libqemuutil.a.p/meson-generated_.._trace_trace-qapi_commands_virtio_trace_events.c.obj
[326/1753] Compiling C object libqemuutil.a.p/meson-generated_.._trace_trace-qapi_commands_yank_trace_events.c.obj
[327/1753] Compiling C object libqemuutil.a.p/meson-generated_.._trace_trace-qapi_commands_accelerator_trace_events.c.obj
[328/1753] Compiling C object libqemuutil.a.p/meson-generated_.._trace_trace-qapi_commands_acpi_trace_events.c.obj
[329/1753] Compiling C object libqemuutil.a.p/meson-generated_.._trace_trace-qapi_commands_acpi_hest_trace_events.c.obj
[330/1753] Compiling C object libqemuutil.a.p/meson-generated_.._trace_trace-qapi_commands_audio_trace_events.c.obj
[331/1753] Compiling C object libqemuutil.a.p/meson-generated_.._trace_trace-qapi_commands_cryptodev_trace_events.c.obj
[332/1753] Compiling C object libqemuutil.a.p/meson-generated_.._trace_trace-qapi_commands_qdev_trace_events.c.obj
[333/1753] Compiling C object libqemuutil.a.p/meson-generated_.._trace_trace-qapi_commands_pci_trace_events.c.obj
[334/1753] Compiling C object libqemuutil.a.p/meson-generated_.._trace_trace-qapi_commands_rocker_trace_events.c.obj
[335/1753] Compiling C object libqemuutil.a.p/meson-generated_.._trace_trace-qapi_commands_misc_arm_trace_events.c.obj
[336/1753] Compiling C object libqemuutil.a.p/meson-generated_.._trace_trace-qapi_commands_misc_i386_trace_events.c.obj
[337/1753] Compiling C object libqemuutil.a.p/meson-generated_.._trace_trace-qapi_commands_tpm_trace_events.c.obj
[338/1753] Compiling C object libqemuutil.a.p/meson-generated_.._trace_trace-qapi_commands_uefi_trace_events.c.obj
[339/1753] Compiling C object libqemuutil.a.p/meson-generated_.._trace_trace-qapi_commands_ui_trace_events.c.obj
[340/1753] Compiling C object libqemuutil.a.p/qapi_opts-visitor.c.obj
[341/1753] Compiling C object libqemuutil.a.p/qapi_qapi-clone-visitor.c.obj
[342/1753] Compiling C object libqemuutil.a.p/qapi_qapi-dealloc-visitor.c.obj
[343/1753] Compiling C object libqemuutil.a.p/qapi_qapi-forward-visitor.c.obj
[344/1753] Compiling C object libqemuutil.a.p/qapi_qapi-util.c.obj
[345/1753] Compiling C object libqemuutil.a.p/qapi_qapi-visit-core.c.obj
[346/1753] Compiling C object libqemuutil.a.p/qapi_qobject-input-visitor.c.obj
[347/1753] Compiling C object libqemuutil.a.p/qapi_qobject-output-visitor.c.obj
[348/1753] Compiling C object libqemuutil.a.p/qapi_string-input-visitor.c.obj
[349/1753] Compiling C object libqemuutil.a.p/qapi_string-output-visitor.c.obj
[350/1753] Compiling C object libqemuutil.a.p/qapi_qapi-type-helpers.c.obj
[351/1753] Compiling C object libqemuutil.a.p/qapi_qmp-event.c.obj
[352/1753] Compiling C object libqemuutil.a.p/qapi_qmp-dispatch.c.obj
[353/1753] Compiling C object libqemuutil.a.p/qapi_qmp-registry.c.obj
[354/1753] Compiling C object libqemuutil.a.p/qobject_qnull.c.obj
[355/1753] Compiling C object libqemuutil.a.p/qobject_qnum.c.obj
[356/1753] Compiling C object libqemuutil.a.p/qobject_qstring.c.obj
[357/1753] Compiling C object libqemuutil.a.p/qobject_qlist.c.obj
[358/1753] Compiling C object libqemuutil.a.p/qobject_qdict.c.obj
[359/1753] Compiling C object libqemuutil.a.p/qobject_qbool.c.obj
[360/1753] Compiling C object libqemuutil.a.p/qobject_qlit.c.obj
[361/1753] Compiling C object libqemuutil.a.p/qobject_qjson.c.obj
[362/1753] Compiling C object libqemuutil.a.p/qobject_qobject.c.obj
[363/1753] Compiling C object libqemuutil.a.p/qobject_json-lexer.c.obj
[364/1753] Compiling C object libqemuutil.a.p/qobject_json-writer.c.obj
[365/1753] Compiling C object libqemuutil.a.p/qobject_json-streamer.c.obj
[366/1753] Compiling C object libqemuutil.a.p/qobject_json-parser.c.obj
[367/1753] Compiling C object libqemuutil.a.p/qobject_block-qdict.c.obj
[368/1753] Compiling C object libqemuutil.a.p/util_osdep.c.obj
[369/1753] Compiling C object libqemuutil.a.p/util_unicode.c.obj
[370/1753] Compiling C object libqemuutil.a.p/util_cutils.c.obj
[371/1753] Compiling C object libqemuutil.a.p/util_qemu-timer-common.c.obj
[372/1753] Compiling C object libqemuutil.a.p/util_thread-context.c.obj
[373/1753] Compiling C object libqemuutil.a.p/util_aio-win32.c.obj
[374/1753] Compiling C object libqemuutil.a.p/util_event_notifier-win32.c.obj
[375/1753] Compiling C object libqemuutil.a.p/util_oslib-win32.c.obj
[376/1753] Compiling C object libqemuutil.a.p/util_qemu-thread-win32.c.obj
[377/1753] Compiling C object libqemuutil.a.p/util_datadir.c.obj
[378/1753] Compiling C object libqemuutil.a.p/util_defer-call.c.obj
[379/1753] Compiling C object libqemuutil.a.p/util_path.c.obj
[380/1753] Compiling C object libqemuutil.a.p/util_envlist.c.obj
[381/1753] Compiling C object libqemuutil.a.p/util_event.c.obj
[382/1753] Compiling C object libqemuutil.a.p/util_module.c.obj
[383/1753] Compiling C object libqemuutil.a.p/util_hexdump.c.obj
[384/1753] Compiling C object libqemuutil.a.p/util_host-utils.c.obj
[385/1753] Compiling C object libqemuutil.a.p/util_bitops.c.obj
[386/1753] Compiling C object libqemuutil.a.p/util_bitmap.c.obj
[387/1753] Compiling C object libqemuutil.a.p/util_fifo8.c.obj
[388/1753] Compiling C object libqemuutil.a.p/util_cacheflush.c.obj
[389/1753] Compiling C object libqemuutil.a.p/util_error.c.obj
[390/1753] Compiling C object libqemuutil.a.p/util_error-report.c.obj
[391/1753] Compiling C object libqemuutil.a.p/util_qemu-print.c.obj
[392/1753] Compiling C object libqemuutil.a.p/util_id.c.obj
[393/1753] Compiling C object libqemuutil.a.p/util_notify.c.obj
[394/1753] Compiling C object libqemuutil.a.p/util_qemu-config.c.obj
[395/1753] Compiling C object libqemuutil.a.p/util_qemu-progress.c.obj
[396/1753] Compiling C object libqemuutil.a.p/util_qemu-option.c.obj
[397/1753] Compiling C object libqemuutil.a.p/util_keyval.c.obj
[398/1753] Compiling C object libqemuutil.a.p/util_crc32.c.obj
[399/1753] Compiling C object libqemuutil.a.p/util_crc32c.c.obj
[400/1753] Compiling C object libqemuutil.a.p/util_uuid.c.obj
[401/1753] Compiling C object libqemuutil.a.p/util_getauxval.c.obj
[402/1753] Compiling C object libqemuutil.a.p/util_rcu.c.obj
[403/1753] Compiling C object libqemuutil.a.p/util_log.c.obj
[404/1753] Compiling C object libqemuutil.a.p/util_qdist.c.obj
[405/1753] Compiling C object libqemuutil.a.p/util_qht.c.obj
[406/1753] Compiling C object libqemuutil.a.p/util_qsp.c.obj
[407/1753] Compiling C object libqemuutil.a.p/util_range.c.obj
[408/1753] Compiling C object libqemuutil.a.p/util_reserved-region.c.obj
[409/1753] Compiling C object libqemuutil.a.p/util_systemd.c.obj
[410/1753] Compiling C object libqemuutil.a.p/util_transactions.c.obj
[411/1753] Compiling C object libqemuutil.a.p/util_guest-random.c.obj
[412/1753] Compiling C object libqemuutil.a.p/util_int128.c.obj
[413/1753] Compiling C object libqemuutil.a.p/util_memalign.c.obj
[414/1753] Compiling C object libqemuutil.a.p/util_interval-tree.c.obj
[415/1753] Compiling C object libqemuutil.a.p/util_lockcnt.c.obj
[416/1753] Compiling C object libqemuutil.a.p/util_crc-ccitt.c.obj
[417/1753] Compiling C object libqemuutil.a.p/util_dbus.c.obj
[418/1753] Compiling C object libqemuutil.a.p/util_aiocb.c.obj
[419/1753] Compiling C object libqemuutil.a.p/util_aio-wait.c.obj
[420/1753] Compiling C object libqemuutil.a.p/util_async.c.obj
[421/1753] Compiling C object libqemuutil.a.p/util_base64.c.obj
[422/1753] Compiling C object libqemuutil.a.p/util_main-loop.c.obj
[423/1753] Compiling C object libqemuutil.a.p/util_qemu-coroutine.c.obj
[424/1753] Compiling C object libqemuutil.a.p/util_qemu-coroutine-lock.c.obj
[425/1753] Compiling C object libqemuutil.a.p/util_qemu-coroutine-io.c.obj
[426/1753] Compiling C object libqemuutil.a.p/util_coroutine-windows.c.obj
[427/1753] Compiling C object libqemuutil.a.p/util_thread-pool.c.obj
[428/1753] Compiling C object libqemuutil.a.p/util_qemu-timer.c.obj
[429/1753] Compiling C object libqemuutil.a.p/util_qemu-sockets.c.obj
[430/1753] Compiling C object libqemuutil.a.p/util_buffer.c.obj
[431/1753] Compiling C object libqemuutil.a.p/util_bufferiszero.c.obj
[432/1753] Compiling C object libqemuutil.a.p/util_hbitmap.c.obj
[433/1753] Compiling C object libqemuutil.a.p/util_iova-tree.c.obj
[434/1753] Compiling C object libqemuutil.a.p/util_nvdimm-utils.c.obj
[435/1753] Compiling C object libqemuutil.a.p/util_iov.c.obj
[436/1753] Compiling C object libqemuutil.a.p/util_block-helpers.c.obj
[437/1753] Compiling C object libqemuutil.a.p/util_qemu-coroutine-sleep.c.obj
[438/1753] Compiling C object libqemuutil.a.p/util_qemu-co-timeout.c.obj
[439/1753] Compiling C object libqemuutil.a.p/util_qemu-co-shared-resource.c.obj
[440/1753] Compiling C object libqemuutil.a.p/util_readline.c.obj
[441/1753] Compiling C object libqemuutil.a.p/util_throttle.c.obj
[442/1753] Compiling C object libqemuutil.a.p/util_filemonitor-stub.c.obj
[443/1753] Compiling C object libqemuutil.a.p/util_timed-average.c.obj
[444/1753] Compiling C object libqemuutil.a.p/util_cpuinfo-i386.c.obj
[445/1753] Compiling C object libqemuutil.a.p/util_yank.c.obj
[446/1753] Compiling C object libqemuutil.a.p/crypto_clmul.c.obj
[447/1753] Compiling C object libqemuutil.a.p/crypto_aes.c.obj
[448/1753] Compiling C object libqemuutil.a.p/crypto_init.c.obj
[449/1753] Compiling C object libqemuutil.a.p/crypto_sm4.c.obj
[450/1753] Compiling C object libqemuutil.a.p/crypto_random-platform.c.obj
[451/1753] Compiling C object libqemuutil.a.p/trace_control.c.obj
[452/1753] Compiling C object libqemuutil.a.p/trace_qmp.c.obj
[453/1753] Compiling C object libqemuutil.a.p/stubs_cpu-get-clock.c.obj
[454/1753] Compiling C object libqemuutil.a.p/stubs_fdset.c.obj
[455/1753] Compiling C object libqemuutil.a.p/stubs_iothread-lock.c.obj
[456/1753] Compiling C object libqemuutil.a.p/stubs_is-daemonized.c.obj
[457/1753] Compiling C object libqemuutil.a.p/stubs_monitor-core.c.obj
[458/1753] Compiling C object libqemuutil.a.p/stubs_replay-mode.c.obj
[459/1753] Compiling C object libqemuutil.a.p/stubs_trace-control.c.obj
[460/1753] Compiling C object libqemuutil.a.p/stubs_bdrv-next-monitor-owned.c.obj
[461/1753] Compiling C object libqemuutil.a.p/stubs_blk-commit-all.c.obj
[462/1753] Compiling C object libqemuutil.a.p/stubs_blk-exp-close-all.c.obj
[463/1753] Compiling C object libqemuutil.a.p/stubs_blockdev-close-all-bdrv-states.c.obj
[464/1753] Compiling C object libqemuutil.a.p/stubs_change-state-handler.c.obj
[465/1753] Compiling C object libqemuutil.a.p/stubs_get-vm-name.c.obj
[466/1753] Compiling C object libqemuutil.a.p/stubs_iothread-lock-block.c.obj
[467/1753] Compiling C object libqemuutil.a.p/stubs_migr-blocker.c.obj
[468/1753] Compiling C object libqemuutil.a.p/stubs_physmem.c.obj
[469/1753] Compiling C object libqemuutil.a.p/stubs_ram-block.c.obj
[470/1753] Compiling C object libqemuutil.a.p/stubs_runstate-check.c.obj
[471/1753] Compiling C object libqemuutil.a.p/stubs_uuid.c.obj
[472/1753] Compiling C object libqemuutil.a.p/stubs_replay-tools.c.obj
[473/1753] Compiling C object libqemuutil.a.p/stubs_cpus-virtual-clock.c.obj
[474/1753] Compiling C object libqemuutil.a.p/stubs_icount.c.obj
[475/1753] Compiling C object libqemuutil.a.p/stubs_graph-lock.c.obj
[476/1753] Compiling C object libqemuutil.a.p/stubs_qemu-timer-notify-cb.c.obj
[477/1753] Compiling C object libqemuutil.a.p/stubs_monitor-internal.c.obj
[478/1753] Compiling C object libqemuutil.a.p/stubs_qmp-command-available.c.obj
[479/1753] Compiling C object libqemuutil.a.p/stubs_qmp-quit.c.obj
[480/1753] Compiling C object libqemuutil.a.p/stubs_async-run-on-cpu.c.obj
[481/1753] Compiling C object libqemuutil.a.p/stubs_cpus-queue.c.obj
[482/1753] Compiling C object libqemuutil.a.p/stubs_qtest.c.obj
[483/1753] Compiling C object libqemuutil.a.p/stubs_vm-stop.c.obj
[484/1753] Compiling C object libqemuutil.a.p/stubs_vmstate.c.obj
[485/1753] Compiling C object libqemuutil.a.p/stubs_dump.c.obj
[486/1753] Compiling C object libqemuutil.a.p/stubs_cmos.c.obj
[487/1753] Compiling C object libqemuutil.a.p/stubs_fw_cfg.c.obj
[488/1753] Compiling C object libqemuutil.a.p/stubs_kvm.c.obj
[489/1753] Compiling C object libqemuutil.a.p/stubs_win32-kbd-hook.c.obj
[490/1753] Compiling C object libqemuutil.a.p/stubs_qmp-arm-gic.c.obj
[491/1753] Compiling C object libqemuutil.a.p/stubs_xen-hw-stub.c.obj
[492/1753] Compiling C object libqemuutil.a.p/stubs_qmp-i386-rtc.c.obj
[493/1753] Compiling C object libqemuutil.a.p/stubs_qmp-i386-sev.c.obj
[494/1753] Compiling C object libqemuutil.a.p/stubs_qmp-i386-sgx.c.obj
[495/1753] Compiling C object libqemuutil.a.p/stubs_qmp-i386-xen.c.obj
[496/1753] Compiling C object libqemuutil.a.p/stubs_qmp-cpu.c.obj
[497/1753] Compiling C object libqemuutil.a.p/stubs_qmp-cpu-s390x.c.obj
[498/1753] Compiling C object libqemuutil.a.p/stubs_qmp-cpu-s390x-kvm.c.obj
[499/1753] Compiling C object libqemuutil.a.p/stubs_hmp-cmd-info_mem.c.obj
[500/1753] Compiling C object libqemuutil.a.p/stubs_hmp-cmd-info_sev.c.obj
[501/1753] Compiling C object libqemuutil.a.p/stubs_hmp-cmd-info_tlb.c.obj
[502/1753] Compiling C object libqemuutil.a.p/stubs_hmp-cmds-hw-s390x.c.obj
[503/1753] Compiling C object libqemuutil.a.p/stubs_hmp-cmds-target-i386.c.obj
[504/1753] Compiling C object libqemuutil.a.p/stubs_replay.c.obj
[505/1753] Compiling C object libqemuutil.a.p/stubs_hotplug-stubs.c.obj
[506/1753] Compiling C object libqemuutil.a.p/stubs_sysbus.c.obj
[507/1753] Compiling C object libqemuutil.a.p/semihosting_stubs-all.c.obj
[508/1753] Compiling C object libqemuutil.a.p/semihosting_stubs-system.c.obj
[509/1753] Compiling C object libqemuutil.a.p/semihosting_arm-compat-semi-stub.c.obj
[510/1753] Compiling C object libqemuutil.a.p/accel_stubs_hvf-stub.c.obj
[511/1753] Compiling C object libqemuutil.a.p/accel_stubs_kvm-stub.c.obj
[512/1753] Compiling C object libqemuutil.a.p/accel_stubs_nitro-stub.c.obj
[513/1753] Compiling C object libqemuutil.a.p/accel_stubs_mshv-stub.c.obj
[514/1753] Compiling C object libqemuutil.a.p/accel_stubs_nvmm-stub.c.obj
[515/1753] Compiling C object libqemuutil.a.p/accel_stubs_whpx-stub.c.obj
[516/1753] Compiling C object libqemuutil.a.p/accel_stubs_xen-stub.c.obj
[517/1753] Compiling C object libqemuutil.a.p/migration_vfio-stub.c.obj
[518/1753] Compiling C object libqemuutil.a.p/net_vhost-user-stub.c.obj
[519/1753] Compiling C object libqemuutil.a.p/net_vhost-vdpa-stub.c.obj
[520/1753] Compiling C object libqemuutil.a.p/hw_arm_smmuv3-accel-stubs.c.obj
[521/1753] Compiling C object libqemuutil.a.p/hw_arm_tegra241-cmdqv-stubs.c.obj
[522/1753] Compiling C object libqemuutil.a.p/hw_i386_sgx-hmp-stub.c.obj
[523/1753] Compiling C object libqemuutil.a.p/hw_i386_kvm_xen-stubs.c.obj
[524/1753] Compiling C object libqemuutil.a.p/hw_s390x_s390-pci-vfio-stubs.c.obj
[525/1753] Compiling C object libqemuutil.a.p/hw_acpi_acpi-cpu-hotplug-stub.c.obj
[526/1753] Compiling C object libqemuutil.a.p/hw_acpi_acpi-mem-hotplug-stub.c.obj
[527/1753] Compiling C object libqemuutil.a.p/hw_acpi_acpi-nvdimm-stub.c.obj
[528/1753] Compiling C object libqemuutil.a.p/hw_acpi_cxl-stub.c.obj
[529/1753] Compiling C object libqemuutil.a.p/hw_acpi_ghes-stub.c.obj
[530/1753] Compiling C object libqemuutil.a.p/hw_acpi_acpi-pci-hotplug-stub.c.obj
[531/1753] Compiling C object libqemuutil.a.p/hw_acpi_wdat-ich9-stub.c.obj
[532/1753] Compiling C object libqemuutil.a.p/hw_acpi_ipmi-stub.c.obj
[533/1753] Compiling C object libqemuutil.a.p/hw_acpi_acpi-x86-stub.c.obj
[534/1753] Compiling C object libqemuutil.a.p/hw_acpi_acpi-stub.c.obj
[535/1753] Compiling C object libqemuutil.a.p/hw_acpi_aml-build-stub.c.obj
[536/1753] Compiling C object libqemuutil.a.p/hw_acpi_pci-bridge-stub.c.obj
[537/1753] Compiling C object libqemuutil.a.p/hw_acpi_wdat-gwdt-stub.c.obj
[538/1753] Compiling C object libqemuutil.a.p/hw_acpi_ghes_cper_stub.c.obj
[539/1753] Compiling C object libqemuutil.a.p/hw_cxl_cxl-host-stubs.c.obj
[540/1753] Compiling C object libqemuutil.a.p/hw_display_ramfb-stubs.c.obj
[541/1753] Compiling C object libqemuutil.a.p/hw_display_acpi-vga-stub.c.obj
[542/1753] Compiling C object libqemuutil.a.p/hw_intc_arm_gicv3_hvf_stub.c.obj
[543/1753] Compiling C object libqemuutil.a.p/hw_mem_cxl_type3_stubs.c.obj
[544/1753] Compiling C object libqemuutil.a.p/hw_mem_memory-device-stubs.c.obj
[545/1753] Compiling C object libqemuutil.a.p/hw_misc_mos6522-stub.c.obj
[546/1753] Compiling C object libqemuutil.a.p/hw_net_vhost_net-stub.c.obj
[547/1753] Compiling C object libqemuutil.a.p/hw_net_rocker_rocker-stubs.c.obj
[548/1753] Compiling C object libqemuutil.a.p/hw_pci_pci-stub.c.obj
[549/1753] Compiling C object libqemuutil.a.p/hw_smbios_smbios_type_38-stub.c.obj
[550/1753] Compiling C object libqemuutil.a.p/hw_smbios_smbios_legacy_stub.c.obj
[551/1753] Compiling C object libqemuutil.a.p/hw_smbios_smbios-stub.c.obj
[552/1753] Compiling C object libqemuutil.a.p/hw_usb_bus-stub.c.obj
[553/1753] Compiling C object libqemuutil.a.p/hw_vfio_kvm-stubs.c.obj
[554/1753] Compiling C object libqemuutil.a.p/hw_vfio_igd-stubs.c.obj
[555/1753] Compiling C object libqemuutil.a.p/hw_vfio_iommufd-stubs.c.obj
[556/1753] Compiling C object libqemuutil.a.p/hw_virtio_vhost-stub.c.obj
[557/1753] Compiling C object libqemuutil.a.p/hw_virtio_vhost-user-stub.c.obj
[558/1753] Compiling C object libqemuutil.a.p/hw_virtio_virtio-stub.c.obj
[559/1753] Generating 'libsystem_arm.a.p/decode-vfp-uncond.c.inc'
[560/1753] Compiling C object libqemuutil.a.p/hw_virtio_virtio-md-stubs.c.obj
[561/1753] Compiling C object libstubs_arm.a.p/target_arm_cpu32-stubs.c.obj
[562/1753] Compiling C object libstubs_arm.a.p/target_arm_gicv5-stubs.c.obj
[563/1753] Compiling C object libstubs_arm.a.p/target_arm_kvm-stub.c.obj
[564/1753] Compiling C object libstubs_arm.a.p/target_arm_tcg-stubs.c.obj
[565/1753] Compiling C object libstubs_arm.a.p/target_arm_whpx_whpx-stub.c.obj
[566/1753] Generating 'libqemu-aarch64-softmmu.a.p/decode-a64.c.inc'
[567/1753] Generating 'libqemu-aarch64-softmmu.a.p/decode-sve.c.inc'
[568/1753] Generating 'libqemu-aarch64-softmmu.a.p/decode-sme.c.inc'
[569/1753] Compiling C object libstubs_arm.a.p/target_arm_tcg_stubs32.c.obj
[570/1753] Generating 'libqemu-aarch64-softmmu.a.p/decode-sme-fa64.c.inc'
[571/1753] Generating 'libqemu-aarch64-softmmu.a.p/decode-apple-gxf.c.inc'
[572/1753] Compiling Windows resource version.rc
[573/1753] Compiling C object ui/libqemuui.a.p/clipboard.c.obj
[574/1753] Compiling C object ui/libqemuui.a.p/console.c.obj
[575/1753] Compiling C object ui/libqemuui.a.p/cursor.c.obj
[576/1753] Compiling C object ui/libqemuui.a.p/dmabuf.c.obj
[577/1753] Compiling C object ui/libqemuui.a.p/display-surface.c.obj
[578/1753] Compiling C object ui/libqemuui.a.p/input-keymap.c.obj
[579/1753] Compiling C object ui/libqemuui.a.p/kbd-state.c.obj
[580/1753] Compiling C object ui/libqemuui.a.p/keymaps.c.obj
[581/1753] Compiling C object ui/libqemuui.a.p/qemu-pixman.c.obj
[582/1753] Compiling C object ui/libqemuui.a.p/vgafont.c.obj
[583/1753] Compiling C object ui/libqemuui.a.p/spice-module.c.obj
[584/1753] Compiling C object ui/libqemuui.a.p/cp437.c.obj
[585/1753] Compiling C object ui/libqemuui.a.p/vt100.c.obj
[586/1753] Compiling C object libqom.a.p/qom_container.c.obj
[587/1753] Compiling C object libqom.a.p/qom_object_interfaces.c.obj
[588/1753] Compiling C object libqom.a.p/qom_object.c.obj
[589/1753] Compiling C object libqom.a.p/qom_qom-qobject.c.obj
[590/1753] Compiling C object libqom.a.p/qom_compat-properties.c.obj
[591/1753] Compiling C object libevent-loop-base.a.p/event-loop-base.c.obj
[592/1753] Linking static target libqemuutil.a
[593/1753] Compiling C object libauthz.a.p/authz_base.c.obj
[594/1753] Compiling C object libauthz.a.p/authz_list.c.obj
[595/1753] Compiling C object libauthz.a.p/authz_listfile.c.obj
[596/1753] Compiling C object libauthz.a.p/authz_simple.c.obj
[597/1753] Compiling C object libcrypto.a.p/crypto_afsplit.c.obj
[598/1753] Compiling C object libcrypto.a.p/crypto_akcipher.c.obj
[599/1753] Compiling C object libcrypto.a.p/crypto_block-luks.c.obj
[600/1753] Compiling C object libcrypto.a.p/crypto_block-qcow.c.obj
[601/1753] Compiling C object libcrypto.a.p/crypto_block.c.obj
[602/1753] Compiling C object libcrypto.a.p/crypto_cipher.c.obj
[603/1753] Compiling C object libcrypto.a.p/crypto_der.c.obj
[604/1753] Compiling C object libcrypto.a.p/crypto_hash.c.obj
[605/1753] Compiling C object libcrypto.a.p/crypto_hmac.c.obj
[606/1753] Compiling C object libcrypto.a.p/crypto_ivgen-essiv.c.obj
[607/1753] Compiling C object libcrypto.a.p/crypto_ivgen-plain.c.obj
[608/1753] Compiling C object libcrypto.a.p/crypto_ivgen-plain64.c.obj
[609/1753] Compiling C object libcrypto.a.p/crypto_ivgen.c.obj
[610/1753] Compiling C object libcrypto.a.p/crypto_pbkdf.c.obj
[611/1753] Compiling C object libcrypto.a.p/crypto_secret_common.c.obj
[612/1753] Compiling C object libcrypto.a.p/crypto_secret.c.obj
[613/1753] Compiling C object libcrypto.a.p/crypto_tlscreds.c.obj
[614/1753] Compiling C object libcrypto.a.p/crypto_tlscredsanon.c.obj
[615/1753] Compiling C object libcrypto.a.p/crypto_tlscredspsk.c.obj
[616/1753] Compiling C object libcrypto.a.p/crypto_tlscredsx509.c.obj
[617/1753] Compiling C object libcrypto.a.p/crypto_tlssession.c.obj
[618/1753] Compiling C object libcrypto.a.p/crypto_rsakey.c.obj
[619/1753] Compiling C object libcrypto.a.p/crypto_hash-glib.c.obj
[620/1753] Compiling C object libcrypto.a.p/crypto_hmac-glib.c.obj
[621/1753] Compiling C object libcrypto.a.p/crypto_pbkdf-stub.c.obj
[622/1753] Compiling C object libio.a.p/io_channel-buffer.c.obj
[623/1753] Compiling C object libio.a.p/io_channel-command.c.obj
[624/1753] Compiling C object libio.a.p/io_channel-file.c.obj
[625/1753] Compiling C object libio.a.p/io_channel-null.c.obj
[626/1753] Compiling C object libio.a.p/io_channel-socket.c.obj
[627/1753] Compiling C object libio.a.p/io_channel-tls.c.obj
[628/1753] Compiling C object libio.a.p/io_channel-util.c.obj
[629/1753] Compiling C object libio.a.p/io_channel-watch.c.obj
[630/1753] Compiling C object libio.a.p/io_channel-websock.c.obj
[631/1753] Compiling C object libio.a.p/io_channel.c.obj
[632/1753] Compiling C object libio.a.p/io_dns-resolver.c.obj
[633/1753] Compiling C object libio.a.p/io_net-listener.c.obj
[634/1753] Compiling C object libio.a.p/io_task.c.obj
[635/1753] Compiling C object libmigration.a.p/migration_migration-stats.c.obj
[636/1753] Compiling C object libmigration.a.p/migration_page_cache.c.obj
[637/1753] Compiling C object libmigration.a.p/migration_xbzrle.c.obj
[638/1753] Compiling C object libmigration.a.p/migration_vmstate-types.c.obj
[639/1753] Compiling C object libmigration.a.p/migration_vmstate.c.obj
[640/1753] Compiling C object libmigration.a.p/migration_qemu-file.c.obj
[641/1753] Compiling C object libmigration.a.p/migration_yank_functions.c.obj
[642/1753] Compiling C object libblock.a.p/meson-generated_.._block_block-gen.c.obj
[643/1753] Compiling C object libblock.a.p/blockjob.c.obj
[644/1753] Compiling C object libblock.a.p/block.c.obj
[645/1753] Compiling C object libblock.a.p/job.c.obj
[646/1753] Compiling C object libblock.a.p/replication.c.obj
[647/1753] Compiling C object libblock.a.p/qemu-io-cmds.c.obj
[648/1753] Compiling C object libblock.a.p/nbd_client.c.obj
[649/1753] Compiling C object libblock.a.p/nbd_client-connection.c.obj
[650/1753] Compiling C object libblock.a.p/nbd_common.c.obj
[651/1753] Compiling C object libblock.a.p/scsi_utils.c.obj
[652/1753] Compiling C object libblock.a.p/scsi_pr-manager-stub.c.obj
[653/1753] Compiling C object libblock.a.p/block_accounting.c.obj
[654/1753] Compiling C object libblock.a.p/block_aio_task.c.obj
[655/1753] Compiling C object libblock.a.p/block_amend.c.obj
[656/1753] Compiling C object libblock.a.p/block_backup.c.obj
[657/1753] Compiling C object libblock.a.p/block_blkdebug.c.obj
[658/1753] Compiling C object libblock.a.p/block_blklogwrites.c.obj
[659/1753] Compiling C object libblock.a.p/block_blkverify.c.obj
[660/1753] Compiling C object libblock.a.p/block_block-copy.c.obj
[661/1753] Compiling C object libblock.a.p/block_block-backend.c.obj
[662/1753] Compiling C object libblock.a.p/block_commit.c.obj
[663/1753] Compiling C object libblock.a.p/block_copy-before-write.c.obj
[664/1753] Compiling C object libblock.a.p/block_copy-on-read.c.obj
[665/1753] Compiling C object libblock.a.p/block_create.c.obj
[666/1753] Compiling C object libblock.a.p/block_crypto.c.obj
[667/1753] Compiling C object libblock.a.p/block_dirty-bitmap.c.obj
[668/1753] Compiling C object libblock.a.p/block_filter-compress.c.obj
[669/1753] Compiling C object libblock.a.p/block_graph-lock.c.obj
[670/1753] Compiling C object libblock.a.p/block_mirror.c.obj
[671/1753] Compiling C object libblock.a.p/block_io.c.obj
[672/1753] Compiling C object libblock.a.p/block_null.c.obj
[673/1753] Compiling C object libblock.a.p/block_nbd.c.obj
[674/1753] Compiling C object libblock.a.p/block_progress_meter.c.obj
[675/1753] Compiling C object libblock.a.p/block_preallocate.c.obj
[676/1753] Compiling C object libblock.a.p/block_qapi.c.obj
[677/1753] Compiling C object libblock.a.p/block_qcow2.c.obj
[678/1753] Compiling C object libblock.a.p/block_qcow2-bitmap.c.obj
[679/1753] Compiling C object libblock.a.p/block_qcow2-cache.c.obj
[680/1753] Compiling C object libblock.a.p/block_qcow2-cluster.c.obj
[681/1753] Compiling C object libblock.a.p/block_qcow2-snapshot.c.obj
[682/1753] Compiling C object libblock.a.p/block_qcow2-refcount.c.obj
[683/1753] Compiling C object libblock.a.p/block_qcow2-threads.c.obj
[684/1753] Compiling C object libblock.a.p/block_quorum.c.obj
[685/1753] Compiling C object libblock.a.p/block_raw-format.c.obj
[686/1753] Compiling C object libblock.a.p/block_reqlist.c.obj
[687/1753] Compiling C object libblock.a.p/block_snapshot-access.c.obj
[688/1753] Compiling C object libblock.a.p/block_snapshot.c.obj
[689/1753] Compiling C object libblock.a.p/block_throttle.c.obj
[690/1753] Compiling C object libblock.a.p/block_throttle-groups.c.obj
[691/1753] Compiling C object libblock.a.p/block_write-threshold.c.obj
[692/1753] Compiling C object libblock.a.p/block_qcow.c.obj
[693/1753] Compiling C object libblock.a.p/block_vdi.c.obj
[694/1753] Compiling C object libblock.a.p/block_vhdx-endian.c.obj
[695/1753] Compiling C object libblock.a.p/block_vhdx-log.c.obj
[696/1753] Compiling C object libblock.a.p/block_vhdx.c.obj
[697/1753] Compiling C object libblock.a.p/block_vmdk.c.obj
[698/1753] Compiling C object libblock.a.p/block_vpc.c.obj
[699/1753] Compiling C object libblock.a.p/block_cloop.c.obj
[700/1753] Compiling C object libblock.a.p/block_bochs.c.obj
[701/1753] Compiling C object libblock.a.p/block_dmg.c.obj
[702/1753] Compiling C object libblock.a.p/block_qed-check.c.obj
[703/1753] Compiling C object libblock.a.p/block_vvfat.c.obj
[704/1753] Compiling C object libblock.a.p/block_qed-cluster.c.obj
[705/1753] Compiling C object libblock.a.p/block_qed-l2-cache.c.obj
[706/1753] Compiling C object libblock.a.p/block_qed-table.c.obj
[707/1753] Compiling C object libblock.a.p/block_qed.c.obj
[708/1753] Compiling C object libblock.a.p/block_parallels.c.obj
[709/1753] Compiling C object libblock.a.p/block_parallels-ext.c.obj
[710/1753] Compiling C object libblock.a.p/block_win32-aio.c.obj
[711/1753] Compiling C object libblock.a.p/block_file-win32.c.obj
[712/1753] Compiling C object libblock.a.p/block_stream.c.obj
[713/1753] Compiling C object libblock.a.p/block_replication.c.obj
[714/1753] Compiling C object libblock.a.p/block_dmg-bz2.c.obj
[715/1753] Compiling C object libblock.a.p/block_monitor_bitmap-qmp-cmds.c.obj
[716/1753] Compiling C object libblockdev.a.p/block_export_export.c.obj
[717/1753] Compiling C object libblockdev.a.p/nbd_server.c.obj
[718/1753] Compiling C object libblockdev.a.p/blockdev-nbd.c.obj
[719/1753] Compiling C object libblockdev.a.p/blockdev.c.obj
[720/1753] Compiling C object libblockdev.a.p/job-qmp.c.obj
[721/1753] Compiling C object libblockdev.a.p/iothread.c.obj
[722/1753] Compiling C object libqmp.a.p/qom_qom-qmp-cmds.c.obj
[723/1753] Compiling C object libqmp.a.p/monitor_monitor.c.obj
[724/1753] Compiling C object libqmp.a.p/monitor_qmp.c.obj
[725/1753] Compiling C object libqmp.a.p/monitor_qmp-cmds-control.c.obj
[726/1753] Compiling C object libchardev.a.p/chardev_char-file.c.obj
[727/1753] Compiling C object libchardev.a.p/chardev_char-fe.c.obj
[728/1753] Compiling C object libchardev.a.p/chardev_char-io.c.obj
[729/1753] Compiling C object libchardev.a.p/chardev_char-mux.c.obj
[730/1753] Compiling C object libchardev.a.p/chardev_char-hub.c.obj
[731/1753] Compiling C object libchardev.a.p/chardev_char-null.c.obj
[732/1753] Compiling C object libchardev.a.p/chardev_char-pipe.c.obj
[733/1753] Compiling C object libchardev.a.p/chardev_char-ringbuf.c.obj
[734/1753] Compiling C object libchardev.a.p/chardev_char-serial.c.obj
[735/1753] Compiling C object libchardev.a.p/chardev_char-socket.c.obj
[736/1753] Compiling C object libchardev.a.p/chardev_char-stdio.c.obj
[737/1753] Compiling C object libchardev.a.p/chardev_char-udp.c.obj
[738/1753] Compiling C object libchardev.a.p/chardev_char.c.obj
[739/1753] Compiling C object libchardev.a.p/chardev_char-console.c.obj
[740/1753] Compiling C object libchardev.a.p/chardev_char-win-stdio.c.obj
[741/1753] Compiling C object libchardev.a.p/chardev_char-win.c.obj
[742/1753] Compiling C object libhwcore.a.p/hw_core_bus.c.obj
[743/1753] Compiling C object libhwcore.a.p/hw_core_gpio.c.obj
[744/1753] Compiling C object libhwcore.a.p/hw_core_qdev-properties.c.obj
[745/1753] Compiling C object libhwcore.a.p/hw_core_qdev.c.obj
[746/1753] Compiling C object libhwcore.a.p/hw_core_resetcontainer.c.obj
[747/1753] Compiling C object libhwcore.a.p/hw_core_resettable.c.obj
[748/1753] Compiling C object libhwcore.a.p/hw_core_vmstate-if.c.obj
[749/1753] Compiling C object libhwcore.a.p/hw_core_irq.c.obj
[750/1753] Compiling C object libhwcore.a.p/hw_core_clock.c.obj
[751/1753] Compiling C object libhwcore.a.p/hw_core_qdev-clock.c.obj
[752/1753] Compiling C object libqemuaudio.a.p/audio_audio.c.obj
[753/1753] Compiling C object libqemuaudio.a.p/audio_audio-be.c.obj
[754/1753] Compiling C object libqemuaudio.a.p/audio_mixeng.c.obj
[755/1753] Compiling C object libqemuaudio.a.p/audio_audio-mixeng-be.c.obj
[756/1753] Compiling C object libqemuaudio.a.p/audio_noaudio.c.obj
[757/1753] Compiling C object libqemuaudio.a.p/audio_wavaudio.c.obj
[758/1753] Compiling C object libqemuaudio.a.p/audio_audio_win_int.c.obj
[759/1753] Compiling C object libqemuaudio.a.p/audio_dsoundaudio.c.obj
[760/1753] Compiling C object libqemuaudio.a.p/audio_dbusaudio.c.obj
[761/1753] Compiling C object libsystem.a.p/trace_control-target.c.obj
[762/1753] Compiling C object libsystem.a.p/trace_trace-hmp-cmds.c.obj
[763/1753] Compiling C object libsystem.a.p/qom_qom-hmp-cmds.c.obj
[764/1753] Compiling C object libsystem.a.p/meson-generated_.._ui_dbus-display1.c.obj
[765/1753] Compiling C object libsystem.a.p/ui_input-barrier.c.obj
[766/1753] Compiling C object libsystem.a.p/ui_input.c.obj
[767/1753] Compiling C object libsystem.a.p/ui_ui-hmp-cmds.c.obj
[768/1753] Compiling C object libsystem.a.p/ui_ui-qmp-cmds.c.obj
[769/1753] Compiling C object libsystem.a.p/ui_util.c.obj
[770/1753] Compiling C object libsystem.a.p/ui_console-vc.c.obj
[771/1753] Compiling C object libsystem.a.p/ui_dbus-module.c.obj
[772/1753] Compiling C object libsystem.a.p/ui_vnc-enc-zlib.c.obj
[773/1753] Compiling C object libsystem.a.p/ui_vnc.c.obj
[774/1753] Compiling C object libsystem.a.p/ui_vnc-enc-hextile.c.obj
[775/1753] Compiling C object libsystem.a.p/ui_vnc-palette.c.obj
[776/1753] Compiling C object libsystem.a.p/ui_vnc-enc-tight.c.obj
[777/1753] Compiling C object libsystem.a.p/ui_vnc-auth-vencrypt.c.obj
[778/1753] Compiling C object libsystem.a.p/ui_vnc-enc-zrle.c.obj
[779/1753] Compiling C object libsystem.a.p/ui_vnc-ws.c.obj
[780/1753] Compiling C object libsystem.a.p/ui_vnc-jobs.c.obj
[781/1753] Compiling C object libsystem.a.p/ui_vnc-clipboard.c.obj
[782/1753] Compiling C object libsystem.a.p/ui_vnc-system.c.obj
[783/1753] Compiling C object libsystem.a.p/semihosting_config.c.obj
[784/1753] Compiling C object libsystem.a.p/semihosting_console.c.obj
[785/1753] Compiling C object libsystem.a.p/semihosting_guestfd.c.obj
[786/1753] Compiling C object libsystem.a.p/semihosting_uaccess.c.obj
[787/1753] Compiling C object libsystem.a.p/semihosting_syscalls.c.obj
[788/1753] Compiling C object libsystem.a.p/semihosting_arm-compat-semi.c.obj
[789/1753] Compiling C object libsystem.a.p/audio_audio-hmp-cmds.c.obj
[790/1753] Compiling C object libsystem.a.p/audio_wavcapture.c.obj
[791/1753] Compiling C object libsystem.a.p/chardev_char-hmp-cmds.c.obj
[792/1753] Compiling C object libsystem.a.p/chardev_msmouse.c.obj
[793/1753] Compiling C object libsystem.a.p/chardev_wctablet.c.obj
[794/1753] Compiling C object libsystem.a.p/chardev_testdev.c.obj
[795/1753] Compiling C object libsystem.a.p/dump_dump.c.obj
[796/1753] Compiling C object libsystem.a.p/dump_dump-hmp-cmds.c.obj
[797/1753] Compiling C object libsystem.a.p/dump_win_dump-stubs.c.obj
[798/1753] Compiling C object libsystem.a.p/accel_accel-system.c.obj
[799/1753] Compiling C object libsystem.a.p/accel_accel-blocker.c.obj
[800/1753] Compiling C object libsystem.a.p/accel_accel-qmp.c.obj
[801/1753] Compiling C object libsystem.a.p/accel_accel-irq.c.obj
[802/1753] Compiling C object libsystem.a.p/accel_tcg_cpu-exec.c.obj
[803/1753] Compiling C object libsystem.a.p/accel_tcg_cpu-exec-common.c.obj
[804/1753] Compiling C object libsystem.a.p/accel_tcg_tcg-runtime.c.obj
[805/1753] Compiling C object libsystem.a.p/accel_tcg_tb-maint.c.obj
[806/1753] Compiling C object libsystem.a.p/accel_tcg_tcg-all.c.obj
[807/1753] Compiling C object libsystem.a.p/accel_tcg_tcg-runtime-gvec.c.obj
[808/1753] Compiling C object libsystem.a.p/accel_tcg_tcg-stats.c.obj
[809/1753] Compiling C object libsystem.a.p/accel_tcg_translate-all.c.obj
[810/1753] Compiling C object libsystem.a.p/accel_tcg_translator.c.obj
[811/1753] Compiling C object libsystem.a.p/accel_tcg_plugin-gen.c.obj
[812/1753] Compiling C object libsystem.a.p/accel_tcg_icount-common.c.obj
[813/1753] Compiling C object libsystem.a.p/accel_tcg_monitor.c.obj
[814/1753] Compiling C object libsystem.a.p/accel_tcg_cputlb.c.obj
[815/1753] Compiling C object libsystem.a.p/accel_tcg_tcg-accel-ops.c.obj
[816/1753] Compiling C object libsystem.a.p/accel_tcg_tcg-accel-ops-icount.c.obj
[817/1753] Compiling C object libsystem.a.p/accel_tcg_tcg-accel-ops-mttcg.c.obj
[818/1753] Compiling C object libsystem.a.p/accel_tcg_tcg-accel-ops-rr.c.obj
[819/1753] Compiling C object libsystem.a.p/accel_tcg_watchpoint.c.obj
[820/1753] Compiling C object libsystem.a.p/accel_dummy-cpus.c.obj
[821/1753] Compiling C object libsystem.a.p/backends_cryptodev-builtin.c.obj
[822/1753] Compiling C object libsystem.a.p/backends_cryptodev-hmp-cmds.c.obj
[823/1753] Compiling C object libsystem.a.p/backends_cryptodev.c.obj
[824/1753] Compiling C object libsystem.a.p/backends_hostmem-ram.c.obj
[825/1753] Compiling C object libsystem.a.p/backends_hostmem.c.obj
[826/1753] Compiling C object libsystem.a.p/backends_rng-builtin.c.obj
[827/1753] Compiling C object libsystem.a.p/backends_rng-egd.c.obj
[828/1753] Compiling C object libsystem.a.p/backends_rng.c.obj
[829/1753] Compiling C object libsystem.a.p/backends_confidential-guest-support.c.obj
[830/1753] Compiling C object libsystem.a.p/backends_cryptodev-vhost.c.obj
[831/1753] Compiling C object libsystem.a.p/backends_dbus-vmstate.c.obj
[832/1753] Compiling C object libsystem.a.p/backends_spdm-socket.c.obj
[833/1753] Compiling C object libsystem.a.p/disas_disas-mon.c.obj
[834/1753] Compiling C object libsystem.a.p/migration_block-dirty-bitmap.c.obj
[835/1753] Compiling C object libsystem.a.p/migration_block-active.c.obj
[836/1753] Compiling C object libsystem.a.p/migration_channel.c.obj
[837/1753] Compiling C object libsystem.a.p/migration_channel-block.c.obj
[838/1753] Compiling C object libsystem.a.p/migration_cpr.c.obj
[839/1753] Compiling C object libsystem.a.p/migration_cpr-transfer.c.obj
[840/1753] Compiling C object libsystem.a.p/migration_cpr-exec.c.obj
[841/1753] Compiling C object libsystem.a.p/migration_cpu-throttle.c.obj
[842/1753] Compiling C object libsystem.a.p/migration_dirtyrate.c.obj
[843/1753] Compiling C object libsystem.a.p/migration_exec.c.obj
[844/1753] Compiling C object libsystem.a.p/migration_fd.c.obj
[845/1753] Compiling C object libsystem.a.p/migration_file.c.obj
[846/1753] Compiling C object libsystem.a.p/migration_global_state.c.obj
[847/1753] Compiling C object libsystem.a.p/migration_migration.c.obj
[848/1753] Compiling C object libsystem.a.p/migration_multifd.c.obj
[849/1753] Compiling C object libsystem.a.p/migration_multifd-device-state.c.obj
[850/1753] Compiling C object libsystem.a.p/migration_multifd-nocomp.c.obj
[851/1753] Compiling C object libsystem.a.p/migration_multifd-zlib.c.obj
[852/1753] Compiling C object libsystem.a.p/migration_multifd-zero-page.c.obj
[853/1753] Compiling C object libsystem.a.p/migration_options.c.obj
[854/1753] Compiling C object libsystem.a.p/migration_postcopy-ram.c.obj
[855/1753] Compiling C object libsystem.a.p/migration_ram.c.obj
[856/1753] Compiling C object libsystem.a.p/migration_savevm.c.obj
[857/1753] Compiling C object libsystem.a.p/migration_socket.c.obj
[858/1753] Compiling C object libsystem.a.p/migration_tls.c.obj
[859/1753] Compiling C object libsystem.a.p/migration_migration-hmp-cmds.c.obj
[860/1753] Compiling C object libsystem.a.p/migration_colo-failover.c.obj
[861/1753] Compiling C object libsystem.a.p/migration_multifd-colo.c.obj
[862/1753] Compiling C object libsystem.a.p/migration_colo.c.obj
[863/1753] Compiling C object libsystem.a.p/migration_multifd-zstd.c.obj
[864/1753] Compiling C object libsystem.a.p/monitor_fds.c.obj
[865/1753] Compiling C object libsystem.a.p/monitor_hmp-cmds.c.obj
[866/1753] Compiling C object libsystem.a.p/monitor_hmp.c.obj
[867/1753] Compiling C object libsystem.a.p/monitor_qemu-config-qmp.c.obj
[868/1753] Compiling C object libsystem.a.p/monitor_qmp-cmds.c.obj
[869/1753] Compiling C object libsystem.a.p/net_announce.c.obj
[870/1753] Compiling C object libsystem.a.p/net_checksum.c.obj
[871/1753] Compiling C object libsystem.a.p/net_dgram.c.obj
[872/1753] Compiling C object libsystem.a.p/net_dump.c.obj
[873/1753] Compiling C object libsystem.a.p/net_eth.c.obj
[874/1753] Compiling C object libsystem.a.p/net_filter-buffer.c.obj
[875/1753] Compiling C object libsystem.a.p/net_filter-mirror.c.obj
[876/1753] Compiling C object libsystem.a.p/net_filter.c.obj
[877/1753] Compiling C object libsystem.a.p/net_hub.c.obj
[878/1753] Compiling C object libsystem.a.p/net_net-hmp-cmds.c.obj
[879/1753] Compiling C object libsystem.a.p/net_queue.c.obj
[880/1753] Compiling C object libsystem.a.p/net_net.c.obj
[881/1753] Compiling C object libsystem.a.p/net_socket.c.obj
[882/1753] Compiling C object libsystem.a.p/net_stream.c.obj
[883/1753] Compiling C object libsystem.a.p/net_stream_data.c.obj
[884/1753] Compiling C object libsystem.a.p/net_util.c.obj
[885/1753] Compiling C object libsystem.a.p/net_colo.c.obj
[886/1753] Compiling C object libsystem.a.p/net_colo-compare.c.obj
[887/1753] Compiling C object libsystem.a.p/net_filter-rewriter.c.obj
[888/1753] Compiling C object libsystem.a.p/net_filter-replay.c.obj
[889/1753] Compiling C object libsystem.a.p/net_tap-win32.c.obj
[890/1753] Compiling C object libsystem.a.p/net_can_can_core.c.obj
[891/1753] Compiling C object libsystem.a.p/net_can_can_host.c.obj
[892/1753] Compiling C object libsystem.a.p/replay_replay.c.obj
[893/1753] Compiling C object libsystem.a.p/replay_replay-internal.c.obj
[894/1753] Compiling C object libsystem.a.p/replay_replay-events.c.obj
[895/1753] Compiling C object libsystem.a.p/replay_replay-time.c.obj
[896/1753] Compiling C object libsystem.a.p/replay_replay-input.c.obj
[897/1753] Compiling C object libsystem.a.p/replay_replay-char.c.obj
[898/1753] Compiling C object libsystem.a.p/replay_replay-snapshot.c.obj
[899/1753] Compiling C object libsystem.a.p/replay_replay-net.c.obj
[900/1753] Compiling C object libsystem.a.p/replay_replay-audio.c.obj
[901/1753] Compiling C object libsystem.a.p/replay_replay-random.c.obj
[902/1753] Compiling C object libsystem.a.p/replay_replay-debugging.c.obj
[903/1753] Compiling C object libsystem.a.p/stats_stats-hmp-cmds.c.obj
[904/1753] Compiling C object libsystem.a.p/stats_stats-qmp-cmds.c.obj
[905/1753] Compiling C object libsystem.a.p/tcg_region.c.obj
[906/1753] Compiling C object libsystem.a.p/tcg_optimize.c.obj
[907/1753] Compiling C object libsystem.a.p/tcg_tcg-common.c.obj
[908/1753] Compiling C object libsystem.a.p/tcg_tcg-op.c.obj
[909/1753] Compiling C object libsystem.a.p/tcg_tcg.c.obj
[910/1753] Compiling C object libsystem.a.p/tcg_tcg-op-ldst.c.obj
[911/1753] Compiling C object libsystem.a.p/tcg_tcg-op-gvec.c.obj
[912/1753] Compiling C object libsystem.a.p/tcg_tcg-op-vec.c.obj
[913/1753] Compiling C object libsystem.a.p/plugins_system.c.obj
[914/1753] Compiling C object libsystem.a.p/plugins_api-system.c.obj
[915/1753] Compiling C object libsystem.a.p/plugins_api.c.obj
[916/1753] Compiling C object libsystem.a.p/plugins_core.c.obj
[917/1753] Compiling C object libsystem.a.p/ebpf_ebpf_rss-stub.c.obj
[918/1753] Compiling C object libsystem.a.p/hw_acpi_bios-linker-loader.c.obj
[919/1753] Compiling C object libsystem.a.p/hw_acpi_aml-build.c.obj
[920/1753] Compiling C object libsystem.a.p/hw_acpi_core.c.obj
[921/1753] Compiling C object libsystem.a.p/hw_acpi_utils.c.obj
[922/1753] Compiling C object libsystem.a.p/hw_acpi_memory_hotplug.c.obj
[923/1753] Compiling C object libsystem.a.p/hw_acpi_nvdimm.c.obj
[924/1753] Compiling C object libsystem.a.p/hw_acpi_pci.c.obj
[925/1753] Compiling C object libsystem.a.p/hw_acpi_cxl.c.obj
[926/1753] Compiling C object libsystem.a.p/hw_acpi_generic_event_device.c.obj
[927/1753] Compiling C object libsystem.a.p/hw_acpi_hmat.c.obj
[928/1753] Compiling C object libsystem.a.p/hw_acpi_ghes.c.obj
[929/1753] Compiling C object libsystem.a.p/hw_acpi_pci-bridge.c.obj
[930/1753] Compiling C object libsystem.a.p/hw_acpi_pcihp.c.obj
[931/1753] Compiling C object libsystem.a.p/hw_acpi_viot.c.obj
[932/1753] Compiling C object libsystem.a.p/hw_acpi_wdat-gwdt.c.obj
[933/1753] Compiling C object libsystem.a.p/hw_acpi_erst.c.obj
[934/1753] Compiling C object libsystem.a.p/hw_acpi_ghes_cper.c.obj
[935/1753] Compiling C object libsystem.a.p/hw_acpi_acpi-qmp-cmds.c.obj
[936/1753] Compiling C object libsystem.a.p/hw_acpi_acpi_interface.c.obj
[937/1753] Compiling C object libsystem.a.p/hw_adc_stm32f2xx_adc.c.obj
[938/1753] Compiling C object libsystem.a.p/hw_adc_aspeed_adc.c.obj
[939/1753] Compiling C object libsystem.a.p/hw_adc_npcm7xx_adc.c.obj
[940/1753] Compiling C object libsystem.a.p/hw_adc_zynq-xadc.c.obj
[941/1753] Compiling C object libsystem.a.p/hw_audio_model.c.obj
[942/1753] Compiling C object libsystem.a.p/hw_audio_es1370.c.obj
[943/1753] Compiling C object libsystem.a.p/hw_audio_ac97.c.obj
[944/1753] Compiling C object libsystem.a.p/hw_audio_intel-hda.c.obj
[945/1753] Compiling C object libsystem.a.p/hw_audio_hda-codec.c.obj
[946/1753] Compiling C object libsystem.a.p/hw_audio_marvell_88w8618.c.obj
[947/1753] Compiling C object libsystem.a.p/hw_audio_pl041.c.obj
[948/1753] Compiling C object libsystem.a.p/hw_audio_lm4549.c.obj
[949/1753] Compiling C object libsystem.a.p/hw_audio_wm8750.c.obj
[950/1753] Compiling C object libsystem.a.p/hw_audio_virtio-snd-pci.c.obj
[951/1753] Compiling C object libsystem.a.p/hw_audio_virtio-snd.c.obj
[952/1753] Compiling C object libsystem.a.p/hw_block_cdrom.c.obj
[953/1753] Compiling C object libsystem.a.p/hw_block_block.c.obj
[954/1753] Compiling C object libsystem.a.p/hw_block_hd-geometry.c.obj
[955/1753] Compiling C object libsystem.a.p/hw_block_pflash_cfi01.c.obj
[956/1753] Compiling C object libsystem.a.p/hw_block_pflash_cfi02.c.obj
[957/1753] Compiling C object libsystem.a.p/hw_block_m25p80.c.obj
[958/1753] Compiling C object libsystem.a.p/hw_block_m25p80_sfdp.c.obj
[959/1753] Compiling C object libsystem.a.p/hw_block_virtio-blk-common.c.obj
[960/1753] Compiling C object libsystem.a.p/hw_block_virtio-blk.c.obj
[961/1753] Compiling C object libsystem.a.p/hw_char_cadence_uart.c.obj
[962/1753] Compiling C object libsystem.a.p/hw_char_cmsdk-apb-uart.c.obj
[963/1753] Compiling C object libsystem.a.p/hw_char_imx_serial.c.obj
[964/1753] Compiling C object libsystem.a.p/hw_char_ipoctal232.c.obj
[965/1753] Compiling C object libsystem.a.p/hw_char_nrf51_uart.c.obj
[966/1753] Compiling C object libsystem.a.p/hw_char_pl011.c.obj
[967/1753] Compiling C object libsystem.a.p/hw_char_serial.c.obj
[968/1753] Compiling C object libsystem.a.p/hw_char_serial-mm.c.obj
[969/1753] Compiling C object libsystem.a.p/hw_char_serial-pci.c.obj
[970/1753] Compiling C object libsystem.a.p/hw_char_serial-pci-multi.c.obj
[971/1753] Compiling C object libsystem.a.p/hw_char_virtio-console.c.obj
[972/1753] Compiling C object libsystem.a.p/hw_char_virtio-serial-bus.c.obj
[973/1753] Compiling C object libsystem.a.p/hw_char_xilinx_uartlite.c.obj
[974/1753] Compiling C object libsystem.a.p/hw_char_digic-uart.c.obj
[975/1753] Compiling C object libsystem.a.p/hw_char_max78000_uart.c.obj
[976/1753] Compiling C object libsystem.a.p/hw_char_exynos4210_uart.c.obj
[977/1753] Compiling C object libsystem.a.p/hw_char_omap_uart.c.obj
[978/1753] Compiling C object libsystem.a.p/hw_char_bcm2835_aux.c.obj
[979/1753] Compiling C object libsystem.a.p/hw_char_stm32f2xx_usart.c.obj
[980/1753] Compiling C object libsystem.a.p/hw_char_stm32l4x5_usart.c.obj
[981/1753] Compiling C object libsystem.a.p/hw_core_generic-loader.c.obj
[982/1753] Compiling C object libsystem.a.p/hw_core_guest-loader.c.obj
[983/1753] Compiling C object libsystem.a.p/hw_core_or-irq.c.obj
[984/1753] Compiling C object libsystem.a.p/hw_core_platform-bus.c.obj
[985/1753] Compiling C object libsystem.a.p/hw_core_ptimer.c.obj
[986/1753] Compiling C object libsystem.a.p/hw_core_register.c.obj
[987/1753] Compiling C object libsystem.a.p/hw_core_split-irq.c.obj
[988/1753] Compiling C object libsystem.a.p/hw_core_stream.c.obj
[989/1753] Compiling C object libsystem.a.p/hw_core_sysbus-fdt.c.obj
[990/1753] Compiling C object libsystem.a.p/hw_core_cpu-system.c.obj
[991/1753] Compiling C object libsystem.a.p/hw_core_fw-path-provider.c.obj
[992/1753] Compiling C object libsystem.a.p/hw_core_hotplug.c.obj
[993/1753] Compiling C object libsystem.a.p/hw_core_machine-hmp-cmds.c.obj
[994/1753] Compiling C object libsystem.a.p/hw_core_loader.c.obj
[995/1753] Compiling C object libsystem.a.p/hw_core_machine-qmp-cmds.c.obj
[996/1753] Compiling C object libsystem.a.p/hw_core_machine.c.obj
[997/1753] Compiling C object libsystem.a.p/hw_core_nmi.c.obj
[998/1753] Compiling C object libsystem.a.p/hw_core_null-machine.c.obj
[999/1753] Compiling C object libsystem.a.p/hw_core_numa.c.obj
[1000/1753] Compiling C object libsystem.a.p/hw_core_qdev-fw.c.obj
[1001/1753] Compiling C object libsystem.a.p/hw_core_qdev-hotplug.c.obj
[1002/1753] Compiling C object libsystem.a.p/hw_core_reset.c.obj
[1003/1753] Compiling C object libsystem.a.p/hw_core_qdev-properties-system.c.obj
[1004/1753] Compiling C object libsystem.a.p/hw_core_sysbus.c.obj
[1005/1753] Compiling C object libsystem.a.p/hw_core_vm-change-state-handler.c.obj
[1006/1753] Compiling C object libsystem.a.p/hw_core_clock-vmstate.c.obj
[1007/1753] Compiling C object libsystem.a.p/hw_cpu_core.c.obj
[1008/1753] Compiling C object libsystem.a.p/hw_cpu_cluster.c.obj
[1009/1753] Compiling C object libsystem.a.p/hw_cpu_arm11mpcore.c.obj
[1010/1753] Compiling C object libsystem.a.p/hw_cpu_realview_mpcore.c.obj
[1011/1753] Compiling C object libsystem.a.p/hw_cpu_a9mpcore.c.obj
[1012/1753] Compiling C object libsystem.a.p/hw_cpu_a15mpcore.c.obj
[1013/1753] Compiling C object libsystem.a.p/hw_cxl_cxl-component-utils.c.obj
[1014/1753] Compiling C object libsystem.a.p/hw_cxl_cxl-device-utils.c.obj
[1015/1753] Compiling C object libsystem.a.p/hw_cxl_cxl-host.c.obj
[1016/1753] Compiling C object libsystem.a.p/hw_cxl_cxl-mailbox-utils.c.obj
[1017/1753] Compiling C object libsystem.a.p/hw_cxl_cxl-cdat.c.obj
[1018/1753] Compiling C object libsystem.a.p/hw_cxl_cxl-events.c.obj
[1019/1753] Compiling C object libsystem.a.p/hw_cxl_switch-mailbox-cci.c.obj
[1020/1753] Compiling C object libsystem.a.p/hw_display_i2c-ddc.c.obj
[1021/1753] Compiling C object libsystem.a.p/hw_display_edid-region.c.obj
[1022/1753] Compiling C object libsystem.a.p/hw_display_edid-generate.c.obj
[1023/1753] Compiling C object libsystem.a.p/hw_display_ramfb-standalone.c.obj
[1024/1753] Compiling C object libsystem.a.p/hw_display_ramfb.c.obj
[1025/1753] Compiling C object libsystem.a.p/hw_display_pl110.c.obj
[1026/1753] Compiling C object libsystem.a.p/hw_display_imx6ul_lcdif.c.obj
[1027/1753] Compiling C object libsystem.a.p/hw_display_sii9022.c.obj
[1028/1753] Compiling C object libsystem.a.p/hw_display_ssd0303.c.obj
[1029/1753] Compiling C object libsystem.a.p/hw_display_ssd0323.c.obj
[1030/1753] Compiling C object libsystem.a.p/hw_display_vga-pci.c.obj
[1031/1753] Compiling C object libsystem.a.p/hw_display_bochs-display.c.obj
[1032/1753] Compiling C object libsystem.a.p/hw_display_exynos4210_fimd.c.obj
[1033/1753] Compiling C object libsystem.a.p/hw_display_cirrus_vga.c.obj
[1034/1753] Compiling C object libsystem.a.p/hw_display_framebuffer.c.obj
[1035/1753] Compiling C object libsystem.a.p/hw_display_bcm2835_fb.c.obj
[1036/1753] Compiling C object libsystem.a.p/hw_display_virtio-dmabuf.c.obj
[1037/1753] Compiling C object libsystem.a.p/hw_display_vga.c.obj
[1038/1753] Compiling C object libsystem.a.p/hw_display_dm163.c.obj
[1039/1753] Compiling C object libsystem.a.p/hw_display_acpi-vga.c.obj
[1040/1753] Compiling C object libsystem.a.p/hw_display_dpcd.c.obj
[1041/1753] Compiling C object libsystem.a.p/hw_display_xlnx_dp.c.obj
[1042/1753] Compiling C object libsystem.a.p/hw_display_ati.c.obj
[1043/1753] Compiling C object libsystem.a.p/hw_display_ati_2d.c.obj
[1044/1753] Compiling C object libsystem.a.p/hw_display_ati_dbg.c.obj
[1045/1753] Compiling C object libsystem.a.p/hw_display_omap_lcdc.c.obj
[1046/1753] Compiling C object libsystem.a.p/hw_dma_pl080.c.obj
[1047/1753] Compiling C object libsystem.a.p/hw_dma_pl330.c.obj
[1048/1753] Compiling C object libsystem.a.p/hw_dma_xilinx_axidma.c.obj
[1049/1753] Compiling C object libsystem.a.p/hw_dma_xlnx-zynq-devcfg.c.obj
[1050/1753] Compiling C object libsystem.a.p/hw_dma_xlnx_dpdma.c.obj
[1051/1753] Compiling C object libsystem.a.p/hw_dma_xlnx-zdma.c.obj
[1052/1753] Compiling C object libsystem.a.p/hw_dma_omap_dma.c.obj
[1053/1753] Compiling C object libsystem.a.p/hw_dma_soc_dma.c.obj
[1054/1753] Compiling C object libsystem.a.p/hw_dma_bcm2835_dma.c.obj
[1055/1753] Compiling C object libsystem.a.p/hw_dma_xlnx_csu_dma.c.obj
[1056/1753] Compiling C object libsystem.a.p/hw_gpio_gpio_key.c.obj
[1057/1753] Compiling C object libsystem.a.p/hw_gpio_gpio_pwr.c.obj
[1058/1753] Compiling C object libsystem.a.p/hw_gpio_pca9552.c.obj
[1059/1753] Compiling C object libsystem.a.p/hw_gpio_pca9554.c.obj
[1060/1753] Compiling C object libsystem.a.p/hw_gpio_pl061.c.obj
[1061/1753] Compiling C object libsystem.a.p/hw_gpio_zaurus.c.obj
[1062/1753] Compiling C object libsystem.a.p/hw_gpio_imx_gpio.c.obj
[1063/1753] Compiling C object libsystem.a.p/hw_gpio_npcm7xx_gpio.c.obj
[1064/1753] Compiling C object libsystem.a.p/hw_gpio_nrf51_gpio.c.obj
[1065/1753] Compiling C object libsystem.a.p/hw_gpio_omap_gpio.c.obj
[1066/1753] Compiling C object libsystem.a.p/hw_gpio_bcm2835_gpio.c.obj
[1067/1753] Compiling C object libsystem.a.p/hw_gpio_bcm2838_gpio.c.obj
[1068/1753] Compiling C object libsystem.a.p/hw_gpio_stm32l4x5_gpio.c.obj
[1069/1753] Compiling C object libsystem.a.p/hw_gpio_aspeed_gpio.c.obj
[1070/1753] Compiling C object libsystem.a.p/hw_gpio_aspeed_sgpio.c.obj
[1071/1753] Compiling C object libsystem.a.p/hw_hyperv_hv-balloon-stub.c.obj
[1072/1753] Compiling C object libsystem.a.p/hw_i2c_core.c.obj
[1073/1753] Compiling C object libsystem.a.p/hw_i2c_smbus_slave.c.obj
[1074/1753] Compiling C object libsystem.a.p/hw_i2c_smbus_master.c.obj
[1075/1753] Compiling C object libsystem.a.p/hw_i2c_bitbang_i2c.c.obj
[1076/1753] Compiling C object libsystem.a.p/hw_i2c_aspeed_i2c.c.obj
[1077/1753] Compiling C object libsystem.a.p/hw_i2c_exynos4210_i2c.c.obj
[1078/1753] Compiling C object libsystem.a.p/hw_i2c_imx_i2c.c.obj
[1079/1753] Compiling C object libsystem.a.p/hw_i2c_allwinner-i2c.c.obj
[1080/1753] Compiling C object libsystem.a.p/hw_i2c_microbit_i2c.c.obj
[1081/1753] Compiling C object libsystem.a.p/hw_i2c_npcm7xx_smbus.c.obj
[1082/1753] Compiling C object libsystem.a.p/hw_i2c_smbus_eeprom.c.obj
[1083/1753] Compiling C object libsystem.a.p/hw_i2c_arm_sbcon_i2c.c.obj
[1084/1753] Compiling C object libsystem.a.p/hw_i2c_omap_i2c.c.obj
[1085/1753] Compiling C object libsystem.a.p/hw_i2c_i2c_mux_pca954x.c.obj
[1086/1753] Compiling C object libsystem.a.p/hw_i2c_pmbus_device.c.obj
[1087/1753] Compiling C object libsystem.a.p/hw_i2c_bcm2835_i2c.c.obj
[1088/1753] Compiling C object libsystem.a.p/hw_i3c_core.c.obj
[1089/1753] Compiling C object libsystem.a.p/hw_i3c_aspeed_i3c.c.obj
[1090/1753] Compiling C object libsystem.a.p/hw_i3c_mock-i3c-target.c.obj
[1091/1753] Compiling C object libsystem.a.p/hw_i3c_dw-i3c.c.obj
[1092/1753] Compiling C object libsystem.a.p/hw_ide_ich.c.obj
[1093/1753] Compiling C object libsystem.a.p/hw_ide_ahci.c.obj
[1094/1753] Compiling C object libsystem.a.p/hw_ide_ahci-sysbus.c.obj
[1095/1753] Compiling C object libsystem.a.p/hw_ide_ahci-allwinner.c.obj
[1096/1753] Compiling C object libsystem.a.p/hw_ide_ide-bus.c.obj
[1097/1753] Compiling C object libsystem.a.p/hw_ide_cf.c.obj
[1098/1753] Compiling C object libsystem.a.p/hw_ide_atapi.c.obj
[1099/1753] Compiling C object libsystem.a.p/hw_ide_core.c.obj
[1100/1753] Compiling C object libsystem.a.p/hw_ide_ide-dev.c.obj
[1101/1753] Compiling C object libsystem.a.p/hw_input_hid.c.obj
[1102/1753] Compiling C object libsystem.a.p/hw_input_pl050.c.obj
[1103/1753] Compiling C object libsystem.a.p/hw_input_stellaris_gamepad.c.obj
[1104/1753] Compiling C object libsystem.a.p/hw_input_ps2.c.obj
[1105/1753] Compiling C object libsystem.a.p/hw_input_virtio-input.c.obj
[1106/1753] Compiling C object libsystem.a.p/hw_input_virtio-input-hid.c.obj
[1107/1753] Compiling C object libsystem.a.p/hw_intc_intc.c.obj
[1108/1753] Compiling C object libsystem.a.p/hw_intc_arm_gic.c.obj
[1109/1753] Compiling C object libsystem.a.p/hw_intc_arm_gic_common.c.obj
[1110/1753] Compiling C object libsystem.a.p/hw_intc_arm_gicv2m.c.obj
[1111/1753] Compiling C object libsystem.a.p/hw_intc_arm_gicv3_common.c.obj
[1112/1753] Compiling C object libsystem.a.p/hw_intc_arm_gicv3_its_common.c.obj
[1113/1753] Compiling C object libsystem.a.p/hw_intc_arm_gicv3.c.obj
[1114/1753] Compiling C object libsystem.a.p/hw_intc_arm_gicv3_dist.c.obj
[1115/1753] Compiling C object libsystem.a.p/hw_intc_arm_gicv3_its.c.obj
[1116/1753] Compiling C object libsystem.a.p/hw_intc_arm_gicv3_redist.c.obj
[1117/1753] Compiling C object libsystem.a.p/hw_intc_arm_gicv5_common.c.obj
[1118/1753] Compiling C object libsystem.a.p/hw_intc_allwinner-a10-pic.c.obj
[1119/1753] Compiling C object libsystem.a.p/hw_intc_arm_gicv5.c.obj
[1120/1753] Compiling C object libsystem.a.p/hw_intc_aspeed_vic.c.obj
[1121/1753] Compiling C object libsystem.a.p/hw_intc_aspeed_intc.c.obj
[1122/1753] Compiling C object libsystem.a.p/hw_intc_exynos4210_gic.c.obj
[1123/1753] Compiling C object libsystem.a.p/hw_intc_exynos4210_combiner.c.obj
[1124/1753] Compiling C object libsystem.a.p/hw_intc_imx_avic.c.obj
[1125/1753] Compiling C object libsystem.a.p/hw_intc_imx_gpcv2.c.obj
[1126/1753] Compiling C object libsystem.a.p/hw_intc_ioapic-stub.c.obj
[1127/1753] Compiling C object libsystem.a.p/hw_intc_omap_intc.c.obj
[1128/1753] Compiling C object libsystem.a.p/hw_intc_pl190.c.obj
[1129/1753] Compiling C object libsystem.a.p/hw_intc_bcm2835_ic.c.obj
[1130/1753] Compiling C object libsystem.a.p/hw_intc_bcm2836_control.c.obj
[1131/1753] Compiling C object libsystem.a.p/hw_intc_realview_gic.c.obj
[1132/1753] Compiling C object libsystem.a.p/hw_intc_xilinx_intc.c.obj
[1133/1753] Compiling C object libsystem.a.p/hw_intc_xlnx-zynqmp-ipi.c.obj
[1134/1753] Compiling C object libsystem.a.p/hw_ipack_ipack.c.obj
[1135/1753] Compiling C object libsystem.a.p/hw_ipack_tpci200.c.obj
[1136/1753] Compiling C object libsystem.a.p/hw_mem_memory-device.c.obj
[1137/1753] Compiling C object libsystem.a.p/hw_mem_npcm7xx_mc.c.obj
[1138/1753] Compiling C object libsystem.a.p/hw_mem_pc-dimm.c.obj
[1139/1753] Compiling C object libsystem.a.p/hw_mem_nvdimm.c.obj
[1140/1753] Compiling C object libsystem.a.p/hw_mem_cxl_type3.c.obj
[1141/1753] Compiling C object libsystem.a.p/hw_misc_edu.c.obj
[1142/1753] Compiling C object libsystem.a.p/hw_misc_vmcoreinfo.c.obj
[1143/1753] Compiling C object libsystem.a.p/hw_misc_pci-testdev.c.obj
[1144/1753] Compiling C object libsystem.a.p/hw_misc_iommu-testdev.c.obj
[1145/1753] Compiling C object libsystem.a.p/hw_misc_unimp.c.obj
[1146/1753] Compiling C object libsystem.a.p/hw_misc_led.c.obj
[1147/1753] Compiling C object libsystem.a.p/hw_misc_pvpanic.c.obj
[1148/1753] Compiling C object libsystem.a.p/hw_misc_arm_l2x0.c.obj
[1149/1753] Compiling C object libsystem.a.p/hw_misc_arm_integrator_debug.c.obj
[1150/1753] Compiling C object libsystem.a.p/hw_misc_a9scu.c.obj
[1151/1753] Compiling C object libsystem.a.p/hw_misc_arm11scu.c.obj
[1152/1753] Compiling C object libsystem.a.p/hw_misc_armv7m_ras.c.obj
[1153/1753] Compiling C object libsystem.a.p/hw_misc_allwinner-sramc.c.obj
[1154/1753] Compiling C object libsystem.a.p/hw_misc_allwinner-a10-ccm.c.obj
[1155/1753] Compiling C object libsystem.a.p/hw_misc_allwinner-a10-dramc.c.obj
[1156/1753] Compiling C object libsystem.a.p/hw_misc_allwinner-h3-ccu.c.obj
[1157/1753] Compiling C object libsystem.a.p/hw_misc_allwinner-cpucfg.c.obj
[1158/1753] Compiling C object libsystem.a.p/hw_misc_allwinner-h3-dramc.c.obj
[1159/1753] Compiling C object libsystem.a.p/hw_misc_allwinner-h3-sysctrl.c.obj
[1160/1753] Compiling C object libsystem.a.p/hw_misc_allwinner-sid.c.obj
[1161/1753] Compiling C object libsystem.a.p/hw_misc_allwinner-r40-ccu.c.obj
[1162/1753] Compiling C object libsystem.a.p/hw_misc_allwinner-r40-dramc.c.obj
[1163/1753] Compiling C object libsystem.a.p/hw_misc_axp2xx.c.obj
[1164/1753] Compiling C object libsystem.a.p/hw_misc_arm_sysctl.c.obj
[1165/1753] Compiling C object libsystem.a.p/hw_misc_exynos4210_pmu.c.obj
[1166/1753] Compiling C object libsystem.a.p/hw_misc_exynos4210_clk.c.obj
[1167/1753] Compiling C object libsystem.a.p/hw_misc_exynos4210_rng.c.obj
[1168/1753] Compiling C object libsystem.a.p/hw_misc_imx8mp_analog.c.obj
[1169/1753] Compiling C object libsystem.a.p/hw_misc_imx8mp_ccm.c.obj
[1170/1753] Compiling C object libsystem.a.p/hw_misc_imx25_ccm.c.obj
[1171/1753] Compiling C object libsystem.a.p/hw_misc_imx31_ccm.c.obj
[1172/1753] Compiling C object libsystem.a.p/hw_misc_imx6_ccm.c.obj
[1173/1753] Compiling C object libsystem.a.p/hw_misc_imx6_src.c.obj
[1174/1753] Compiling C object libsystem.a.p/hw_misc_imx7_ccm.c.obj
[1175/1753] Compiling C object libsystem.a.p/hw_misc_imx6ul_ccm.c.obj
[1176/1753] Compiling C object libsystem.a.p/hw_misc_imx7_src.c.obj
[1177/1753] Compiling C object libsystem.a.p/hw_misc_imx7_gpr.c.obj
[1178/1753] Compiling C object libsystem.a.p/hw_misc_imx7_snvs.c.obj
[1179/1753] Compiling C object libsystem.a.p/hw_misc_imx_ccm.c.obj
[1180/1753] Compiling C object libsystem.a.p/hw_misc_imx_rngc.c.obj
[1181/1753] Compiling C object libsystem.a.p/hw_misc_max78000_aes.c.obj
[1182/1753] Compiling C object libsystem.a.p/hw_misc_max78000_icc.c.obj
[1183/1753] Compiling C object libsystem.a.p/hw_misc_max78000_gcr.c.obj
[1184/1753] Compiling C object libsystem.a.p/hw_misc_max78000_trng.c.obj
[1185/1753] Compiling C object libsystem.a.p/hw_misc_npcm_clk.c.obj
[1186/1753] Compiling C object libsystem.a.p/hw_misc_npcm_gcr.c.obj
[1187/1753] Compiling C object libsystem.a.p/hw_misc_npcm7xx_mft.c.obj
[1188/1753] Compiling C object libsystem.a.p/hw_misc_npcm7xx_pwm.c.obj
[1189/1753] Compiling C object libsystem.a.p/hw_misc_npcm7xx_rng.c.obj
[1190/1753] Compiling C object libsystem.a.p/hw_misc_omap_clk.c.obj
[1191/1753] Compiling C object libsystem.a.p/hw_misc_bcm2835_mbox.c.obj
[1192/1753] Compiling C object libsystem.a.p/hw_misc_bcm2835_mphi.c.obj
[1193/1753] Compiling C object libsystem.a.p/hw_misc_bcm2835_property.c.obj
[1194/1753] Compiling C object libsystem.a.p/hw_misc_bcm2835_rng.c.obj
[1195/1753] Compiling C object libsystem.a.p/hw_misc_bcm2835_thermal.c.obj
[1196/1753] Compiling C object libsystem.a.p/hw_misc_bcm2835_cprman.c.obj
[1197/1753] Compiling C object libsystem.a.p/hw_misc_bcm2835_powermgt.c.obj
[1198/1753] Compiling C object libsystem.a.p/hw_misc_zynq_slcr.c.obj
[1199/1753] Compiling C object libsystem.a.p/hw_misc_xlnx-zynq-ddrc.c.obj
[1200/1753] Compiling C object libsystem.a.p/hw_misc_xlnx-zynqmp-crf.c.obj
[1201/1753] Compiling C object libsystem.a.p/hw_misc_xlnx-zynqmp-apu-ctrl.c.obj
[1202/1753] Compiling C object libsystem.a.p/hw_misc_xlnx-versal-crl.c.obj
[1203/1753] Compiling C object libsystem.a.p/hw_misc_xlnx-versal-xramc.c.obj
[1204/1753] Compiling C object libsystem.a.p/hw_misc_xlnx-versal-pmc-iou-slcr.c.obj
[1205/1753] Compiling C object libsystem.a.p/hw_misc_xlnx-versal-cfu.c.obj
[1206/1753] Compiling C object libsystem.a.p/hw_misc_xlnx-cfi-if.c.obj
[1207/1753] Compiling C object libsystem.a.p/hw_misc_xlnx-versal-cframe-reg.c.obj
[1208/1753] Compiling C object libsystem.a.p/hw_misc_xlnx-versal-trng.c.obj
[1209/1753] Compiling C object libsystem.a.p/hw_misc_stm32_rcc.c.obj
[1210/1753] Compiling C object libsystem.a.p/hw_misc_stm32f2xx_syscfg.c.obj
[1211/1753] Compiling C object libsystem.a.p/hw_misc_stm32f4xx_syscfg.c.obj
[1212/1753] Compiling C object libsystem.a.p/hw_misc_stm32f4xx_exti.c.obj
[1213/1753] Compiling C object libsystem.a.p/hw_misc_stm32l4x5_exti.c.obj
[1214/1753] Compiling C object libsystem.a.p/hw_misc_stm32l4x5_syscfg.c.obj
[1215/1753] Compiling C object libsystem.a.p/hw_misc_stm32l4x5_rcc.c.obj
[1216/1753] Compiling C object libsystem.a.p/hw_misc_mps2-fpgaio.c.obj
[1217/1753] Compiling C object libsystem.a.p/hw_misc_mps2-scc.c.obj
[1218/1753] Compiling C object libsystem.a.p/hw_misc_tz-mpc.c.obj
[1219/1753] Compiling C object libsystem.a.p/hw_misc_tz-msc.c.obj
[1220/1753] Compiling C object libsystem.a.p/hw_misc_tz-ppc.c.obj
[1221/1753] Compiling C object libsystem.a.p/hw_misc_iotkit-secctl.c.obj
[1222/1753] Compiling C object libsystem.a.p/hw_misc_iotkit-sysctl.c.obj
[1223/1753] Compiling C object libsystem.a.p/hw_misc_iotkit-sysinfo.c.obj
[1224/1753] Compiling C object libsystem.a.p/hw_misc_armsse-cpu-pwrctrl.c.obj
[1225/1753] Compiling C object libsystem.a.p/hw_misc_armsse-cpuid.c.obj
[1226/1753] Compiling C object libsystem.a.p/hw_misc_armsse-mhu.c.obj
[1227/1753] Compiling C object libsystem.a.p/hw_misc_pvpanic-pci.c.obj
[1228/1753] Compiling C object libsystem.a.p/hw_misc_auxbus.c.obj
[1229/1753] Compiling C object libsystem.a.p/hw_misc_aspeed_hace.c.obj
[1230/1753] Compiling C object libsystem.a.p/hw_misc_aspeed_lpc.c.obj
[1231/1753] Compiling C object libsystem.a.p/hw_misc_aspeed_ltpi.c.obj
[1232/1753] Compiling C object libsystem.a.p/hw_misc_aspeed_pwm.c.obj
[1233/1753] Compiling C object libsystem.a.p/hw_misc_aspeed_sbc.c.obj
[1234/1753] Compiling C object libsystem.a.p/hw_misc_aspeed_scu.c.obj
[1235/1753] Compiling C object libsystem.a.p/hw_misc_aspeed_xdma.c.obj
[1236/1753] Compiling C object libsystem.a.p/hw_misc_aspeed_sdmc.c.obj
[1237/1753] Compiling C object libsystem.a.p/hw_misc_aspeed_peci.c.obj
[1238/1753] Compiling C object libsystem.a.p/hw_misc_aspeed_sli.c.obj
[1239/1753] Compiling C object libsystem.a.p/hw_misc_msf2-sysreg.c.obj
[1240/1753] Compiling C object libsystem.a.p/hw_misc_nrf51_rng.c.obj
[1241/1753] Compiling C object libsystem.a.p/hw_misc_i2c-echo.c.obj
[1242/1753] Compiling C object libsystem.a.p/hw_misc_sbsa_ec.c.obj
[1243/1753] Compiling C object libsystem.a.p/hw_net_ne2000-pci.c.obj
[1244/1753] Compiling C object libsystem.a.p/hw_net_ne2000.c.obj
[1245/1753] Compiling C object libsystem.a.p/hw_net_pcnet-pci.c.obj
[1246/1753] Compiling C object libsystem.a.p/hw_net_eepro100.c.obj
[1247/1753] Compiling C object libsystem.a.p/hw_net_pcnet.c.obj
[1248/1753] Compiling C object libsystem.a.p/hw_net_e1000.c.obj
[1249/1753] Compiling C object libsystem.a.p/hw_net_e1000x_common.c.obj
[1250/1753] Compiling C object libsystem.a.p/hw_net_net_tx_pkt.c.obj
[1251/1753] Compiling C object libsystem.a.p/hw_net_net_rx_pkt.c.obj
[1252/1753] Compiling C object libsystem.a.p/hw_net_e1000e.c.obj
[1253/1753] Compiling C object libsystem.a.p/hw_net_igb.c.obj
[1254/1753] Compiling C object libsystem.a.p/hw_net_e1000e_core.c.obj
[1255/1753] Compiling C object libsystem.a.p/hw_net_igbvf.c.obj
[1256/1753] Compiling C object libsystem.a.p/hw_net_rtl8139.c.obj
[1257/1753] Compiling C object libsystem.a.p/hw_net_igb_core.c.obj
[1258/1753] Compiling C object libsystem.a.p/hw_net_tulip.c.obj
[1259/1753] Compiling C object libsystem.a.p/hw_net_vmxnet3.c.obj
[1260/1753] Compiling C object libsystem.a.p/hw_net_smc91c111.c.obj
[1261/1753] Compiling C object libsystem.a.p/hw_net_lan9118.c.obj
[1262/1753] Compiling C object libsystem.a.p/hw_net_lan9118_phy.c.obj
[1263/1753] Compiling C object libsystem.a.p/hw_net_xilinx_axienet.c.obj
[1264/1753] Compiling C object libsystem.a.p/hw_net_allwinner_emac.c.obj
[1265/1753] Compiling C object libsystem.a.p/hw_net_allwinner-sun8i-emac.c.obj
[1266/1753] Compiling C object libsystem.a.p/hw_net_imx_fec.c.obj
[1267/1753] Compiling C object libsystem.a.p/hw_net_msf2-emac.c.obj
[1268/1753] Compiling C object libsystem.a.p/hw_net_mv88w8618_eth.c.obj
[1269/1753] Compiling C object libsystem.a.p/hw_net_stellaris_enet.c.obj
[1270/1753] Compiling C object libsystem.a.p/hw_net_cadence_gem.c.obj
[1271/1753] Compiling C object libsystem.a.p/hw_net_ftgmac100.c.obj
[1272/1753] Compiling C object libsystem.a.p/hw_net_npcm7xx_emc.c.obj
[1273/1753] Compiling C object libsystem.a.p/hw_net_npcm_pcs.c.obj
[1274/1753] Compiling C object libsystem.a.p/hw_net_npcm_gmac.c.obj
[1275/1753] Compiling C object libsystem.a.p/hw_net_rocker_rocker.c.obj
[1276/1753] Compiling C object libsystem.a.p/hw_net_virtio-net.c.obj
[1277/1753] Compiling C object libsystem.a.p/hw_net_rocker_rocker_desc.c.obj
[1278/1753] Compiling C object libsystem.a.p/hw_net_rocker_rocker_fp.c.obj
[1279/1753] Compiling C object libsystem.a.p/hw_net_rocker_rocker_of_dpa.c.obj
[1280/1753] Compiling C object libsystem.a.p/hw_net_rocker_rocker_world.c.obj
[1281/1753] Compiling C object libsystem.a.p/hw_net_rocker_rocker-hmp-cmds.c.obj
[1282/1753] Compiling C object libsystem.a.p/hw_net_can_can_sja1000.c.obj
[1283/1753] Compiling C object libsystem.a.p/hw_net_can_can_kvaser_pci.c.obj
[1284/1753] Compiling C object libsystem.a.p/hw_net_can_can_pcm3680_pci.c.obj
[1285/1753] Compiling C object libsystem.a.p/hw_net_can_can_mioe3680_pci.c.obj
[1286/1753] Compiling C object libsystem.a.p/hw_net_can_ctucan_core.c.obj
[1287/1753] Compiling C object libsystem.a.p/hw_net_can_ctucan_pci.c.obj
[1288/1753] Compiling C object libsystem.a.p/hw_net_can_xlnx-zynqmp-can.c.obj
[1289/1753] Compiling C object libsystem.a.p/hw_net_can_xlnx-versal-canfd.c.obj
[1290/1753] Compiling C object libsystem.a.p/hw_net_can_flexcan.c.obj
[1291/1753] Compiling C object libsystem.a.p/hw_nvme_dif.c.obj
[1292/1753] Compiling C object libsystem.a.p/hw_nvme_ns.c.obj
[1293/1753] Compiling C object libsystem.a.p/hw_nvme_subsys.c.obj
[1294/1753] Compiling C object libsystem.a.p/hw_nvme_ctrl.c.obj
[1295/1753] Compiling C object libsystem.a.p/hw_nvme_nguid.c.obj
[1296/1753] Compiling C object libsystem.a.p/hw_nvram_fw_cfg-interface.c.obj
[1297/1753] Compiling C object libsystem.a.p/hw_nvram_fw_cfg.c.obj
[1298/1753] Compiling C object libsystem.a.p/hw_nvram_bcm2835_otp.c.obj
[1299/1753] Compiling C object libsystem.a.p/hw_nvram_eeprom93xx.c.obj
[1300/1753] Compiling C object libsystem.a.p/hw_nvram_eeprom_at24c.c.obj
[1301/1753] Compiling C object libsystem.a.p/hw_nvram_npcm7xx_otp.c.obj
[1302/1753] Compiling C object libsystem.a.p/hw_nvram_nrf51_nvm.c.obj
[1303/1753] Compiling C object libsystem.a.p/hw_nvram_xlnx-efuse-crc.c.obj
[1304/1753] Compiling C object libsystem.a.p/hw_nvram_xlnx-efuse.c.obj
[1305/1753] Compiling C object libsystem.a.p/hw_nvram_xlnx-versal-efuse-cache.c.obj
[1306/1753] Compiling C object libsystem.a.p/hw_nvram_xlnx-versal-efuse-ctrl.c.obj
[1307/1753] Compiling C object libsystem.a.p/hw_nvram_xlnx-zynqmp-efuse.c.obj
[1308/1753] Compiling C object libsystem.a.p/hw_nvram_xlnx-bbram.c.obj
[1309/1753] Compiling C object libsystem.a.p/hw_nvram_fw_cfg-acpi.c.obj
[1310/1753] Compiling C object libsystem.a.p/hw_nvram_aspeed_otp.c.obj
[1311/1753] Compiling C object libsystem.a.p/hw_pci_pcie_port.c.obj
[1312/1753] Compiling C object libsystem.a.p/hw_pci_pcie_host.c.obj
[1313/1753] Compiling C object libsystem.a.p/hw_pci_msi.c.obj
[1314/1753] Compiling C object libsystem.a.p/hw_pci_msix.c.obj
[1315/1753] Compiling C object libsystem.a.p/hw_pci_pci_bridge.c.obj
[1316/1753] Compiling C object libsystem.a.p/hw_pci_pci.c.obj
[1317/1753] Compiling C object libsystem.a.p/hw_pci_pci_host.c.obj
[1318/1753] Compiling C object libsystem.a.p/hw_pci_pci-hmp-cmds.c.obj
[1319/1753] Compiling C object libsystem.a.p/hw_pci_pci-qmp-cmds.c.obj
[1320/1753] Compiling C object libsystem.a.p/hw_pci_pcie_sriov.c.obj
[1321/1753] Compiling C object libsystem.a.p/hw_pci_shpc.c.obj
[1322/1753] Compiling C object libsystem.a.p/hw_pci_slotid_cap.c.obj
[1323/1753] Compiling C object libsystem.a.p/hw_pci_pcie.c.obj
[1324/1753] Compiling C object libsystem.a.p/hw_pci_pcie_aer.c.obj
[1325/1753] Compiling C object libsystem.a.p/hw_pci_pcie_doe.c.obj
[1326/1753] Compiling C object libsystem.a.p/hw_pci-bridge_pci_bridge_dev.c.obj
[1327/1753] Compiling C object libsystem.a.p/hw_pci-bridge_i82801b11.c.obj
[1328/1753] Compiling C object libsystem.a.p/hw_pci-bridge_ioh3420.c.obj
[1329/1753] Compiling C object libsystem.a.p/hw_pci-bridge_gen_pcie_root_port.c.obj
[1330/1753] Compiling C object libsystem.a.p/hw_pci-bridge_pcie_root_port.c.obj
[1331/1753] Compiling C object libsystem.a.p/hw_pci-bridge_pcie_pci_bridge.c.obj
[1332/1753] Compiling C object libsystem.a.p/hw_pci-bridge_pci_expander_bridge.c.obj
[1333/1753] Compiling C object libsystem.a.p/hw_pci-bridge_xio3130_upstream.c.obj
[1334/1753] Compiling C object libsystem.a.p/hw_pci-bridge_xio3130_downstream.c.obj
[1335/1753] Compiling C object libsystem.a.p/hw_pci-bridge_cxl_root_port.c.obj
[1336/1753] Compiling C object libsystem.a.p/hw_pci-bridge_cxl_upstream.c.obj
[1337/1753] Compiling C object libsystem.a.p/hw_pci-bridge_cxl_downstream.c.obj
[1338/1753] Compiling C object libsystem.a.p/hw_pci-host_aspeed_pcie.c.obj
[1339/1753] Compiling C object libsystem.a.p/hw_pci-host_designware.c.obj
[1340/1753] Compiling C object libsystem.a.p/hw_pci-host_gpex.c.obj
[1341/1753] Compiling C object libsystem.a.p/hw_pci-host_gpex-acpi.c.obj
[1342/1753] Compiling C object libsystem.a.p/hw_pci-host_fsl_imx8m_phy.c.obj
[1343/1753] Compiling C object libsystem.a.p/hw_rtc_ds1338.c.obj
[1344/1753] Compiling C object libsystem.a.p/hw_pci-host_versatile.c.obj
[1345/1753] Compiling C object libsystem.a.p/hw_rtc_m41t80.c.obj
[1346/1753] Compiling C object libsystem.a.p/hw_rtc_pl031.c.obj
[1347/1753] Compiling C object libsystem.a.p/hw_rtc_xlnx-zynqmp-rtc.c.obj
[1348/1753] Compiling C object libsystem.a.p/hw_rtc_exynos4210_rtc.c.obj
[1349/1753] Compiling C object libsystem.a.p/hw_rtc_aspeed_rtc.c.obj
[1350/1753] Compiling C object libsystem.a.p/hw_rtc_allwinner-rtc.c.obj
[1351/1753] Compiling C object libsystem.a.p/hw_rtc_rs5c372.c.obj
[1352/1753] Compiling C object libsystem.a.p/hw_scsi_emulation.c.obj
[1353/1753] Compiling C object libsystem.a.p/hw_scsi_scsi-bus.c.obj
[1354/1753] Compiling C object libsystem.a.p/hw_scsi_scsi-disk.c.obj
[1355/1753] Compiling C object libsystem.a.p/hw_scsi_scsi-generic.c.obj
[1356/1753] Compiling C object libsystem.a.p/hw_scsi_esp.c.obj
[1357/1753] Compiling C object libsystem.a.p/hw_scsi_esp-pci.c.obj
[1358/1753] Compiling C object libsystem.a.p/hw_scsi_lsi53c895a.c.obj
[1359/1753] Compiling C object libsystem.a.p/hw_scsi_megasas.c.obj
[1360/1753] Compiling C object libsystem.a.p/hw_scsi_mptsas.c.obj
[1361/1753] Compiling C object libsystem.a.p/hw_scsi_mptconfig.c.obj
[1362/1753] Compiling C object libsystem.a.p/hw_scsi_mptendian.c.obj
[1363/1753] Compiling C object libsystem.a.p/hw_scsi_vmw_pvscsi.c.obj
[1364/1753] Compiling C object libsystem.a.p/hw_scsi_virtio-scsi-dataplane.c.obj
[1365/1753] Compiling C object libsystem.a.p/hw_sd_pl181.c.obj
[1366/1753] Compiling C object libsystem.a.p/hw_scsi_virtio-scsi.c.obj
[1367/1753] Compiling C object libsystem.a.p/hw_sd_core.c.obj
[1368/1753] Compiling C object libsystem.a.p/hw_sd_sd.c.obj
[1369/1753] Compiling C object libsystem.a.p/hw_sd_sdhci.c.obj
[1370/1753] Compiling C object libsystem.a.p/hw_sd_sdhci-pci.c.obj
[1371/1753] Compiling C object libsystem.a.p/hw_sd_ssi-sd.c.obj
[1372/1753] Compiling C object libsystem.a.p/hw_sd_omap_mmc.c.obj
[1373/1753] Compiling C object libsystem.a.p/hw_sd_bcm2835_sdhost.c.obj
[1374/1753] Compiling C object libsystem.a.p/hw_sd_aspeed_sdhci.c.obj
[1375/1753] Compiling C object libsystem.a.p/hw_sd_allwinner-sdhost.c.obj
[1376/1753] Compiling C object libsystem.a.p/hw_sd_npcm7xx_sdhci.c.obj
[1377/1753] Compiling C object libsystem.a.p/hw_sensor_tmp105.c.obj
[1378/1753] Compiling C object libsystem.a.p/hw_sensor_tmp421.c.obj
[1379/1753] Compiling C object libsystem.a.p/hw_sensor_dps310.c.obj
[1380/1753] Compiling C object libsystem.a.p/hw_sensor_emc141x.c.obj
[1381/1753] Compiling C object libsystem.a.p/hw_sensor_adm1266.c.obj
[1382/1753] Compiling C object libsystem.a.p/hw_sensor_adm1272.c.obj
[1383/1753] Compiling C object libsystem.a.p/hw_sensor_max34451.c.obj
[1384/1753] Compiling C object libsystem.a.p/hw_sensor_lsm303dlhc_mag.c.obj
[1385/1753] Compiling C object libsystem.a.p/hw_sensor_isl_pmbus_vr.c.obj
[1386/1753] Compiling C object libsystem.a.p/hw_sensor_max31785.c.obj
[1387/1753] Compiling C object libsystem.a.p/hw_ssi_allwinner-a10-spi.c.obj
[1388/1753] Compiling C object libsystem.a.p/hw_smbios_smbios.c.obj
[1389/1753] Compiling C object libsystem.a.p/hw_ssi_aspeed_smc.c.obj
[1390/1753] Compiling C object libsystem.a.p/hw_ssi_mss-spi.c.obj
[1391/1753] Compiling C object libsystem.a.p/hw_ssi_npcm_pspi.c.obj
[1392/1753] Compiling C object libsystem.a.p/hw_ssi_npcm7xx_fiu.c.obj
[1393/1753] Compiling C object libsystem.a.p/hw_ssi_pl022.c.obj
[1394/1753] Compiling C object libsystem.a.p/hw_ssi_ssi.c.obj
[1395/1753] Compiling C object libsystem.a.p/hw_ssi_stm32f2xx_spi.c.obj
[1396/1753] Compiling C object libsystem.a.p/hw_ssi_xilinx_spi.c.obj
[1397/1753] Compiling C object libsystem.a.p/hw_ssi_xlnx-versal-ospi.c.obj
[1398/1753] Compiling C object libsystem.a.p/hw_ssi_xilinx_spips.c.obj
[1399/1753] Compiling C object libsystem.a.p/hw_ssi_bcm2835_spi.c.obj
[1400/1753] Compiling C object libsystem.a.p/hw_ssi_imx_spi.c.obj
[1401/1753] Compiling C object libsystem.a.p/hw_timer_allwinner-a10-pit.c.obj
[1402/1753] Compiling C object libsystem.a.p/hw_timer_a9gtimer.c.obj
[1403/1753] Compiling C object libsystem.a.p/hw_timer_arm_timer.c.obj
[1404/1753] Compiling C object libsystem.a.p/hw_timer_arm_mptimer.c.obj
[1405/1753] Compiling C object libsystem.a.p/hw_timer_armv7m_systick.c.obj
[1406/1753] Compiling C object libsystem.a.p/hw_timer_aspeed_timer.c.obj
[1407/1753] Compiling C object libsystem.a.p/hw_timer_cadence_ttc.c.obj
[1408/1753] Compiling C object libsystem.a.p/hw_timer_cmsdk-apb-dualtimer.c.obj
[1409/1753] Compiling C object libsystem.a.p/hw_timer_cmsdk-apb-timer.c.obj
[1410/1753] Compiling C object libsystem.a.p/hw_timer_digic-timer.c.obj
[1411/1753] Compiling C object libsystem.a.p/hw_timer_exynos4210_mct.c.obj
[1412/1753] Compiling C object libsystem.a.p/hw_timer_exynos4210_pwm.c.obj
[1413/1753] Compiling C object libsystem.a.p/hw_timer_imx_epit.c.obj
[1414/1753] Compiling C object libsystem.a.p/hw_timer_imx_gpt.c.obj
[1415/1753] Compiling C object libsystem.a.p/hw_timer_mss-timer.c.obj
[1416/1753] Compiling C object libsystem.a.p/hw_timer_npcm7xx_timer.c.obj
[1417/1753] Compiling C object libsystem.a.p/hw_timer_nrf51_timer.c.obj
[1418/1753] Compiling C object libsystem.a.p/hw_timer_pxa2xx_timer.c.obj
[1419/1753] Compiling C object libsystem.a.p/hw_timer_bcm2835_systmr.c.obj
[1420/1753] Compiling C object libsystem.a.p/hw_timer_sse-counter.c.obj
[1421/1753] Compiling C object libsystem.a.p/hw_timer_sse-timer.c.obj
[1422/1753] Compiling C object libsystem.a.p/hw_timer_stellaris-gptm.c.obj
[1423/1753] Compiling C object libsystem.a.p/hw_timer_stm32f2xx_timer.c.obj
[1424/1753] Compiling C object libsystem.a.p/hw_timer_xilinx_timer.c.obj
[1425/1753] Compiling C object libsystem.a.p/hw_uefi_hardware-info.c.obj
[1426/1753] Compiling C object libsystem.a.p/hw_uefi_ovmf-log.c.obj
[1427/1753] Compiling C object libsystem.a.p/hw_ufs_lu.c.obj
[1428/1753] Compiling C object libsystem.a.p/hw_ufs_ufs.c.obj
[1429/1753] Compiling C object libsystem.a.p/hw_usb_bus.c.obj
[1430/1753] Compiling C object libsystem.a.p/hw_usb_combined-packet.c.obj
[1431/1753] Compiling C object libsystem.a.p/hw_usb_core.c.obj
[1432/1753] Compiling C object libsystem.a.p/hw_usb_desc.c.obj
[1433/1753] Compiling C object libsystem.a.p/hw_usb_desc-msos.c.obj
[1434/1753] Compiling C object libsystem.a.p/hw_usb_libhw.c.obj
[1435/1753] Compiling C object libsystem.a.p/hw_usb_pcap.c.obj
[1436/1753] Compiling C object libsystem.a.p/hw_usb_hcd-uhci.c.obj
[1437/1753] Compiling C object libsystem.a.p/hw_usb_hcd-ohci-pci.c.obj
[1438/1753] Compiling C object libsystem.a.p/hw_usb_hcd-ohci.c.obj
[1439/1753] Compiling C object libsystem.a.p/hw_usb_hcd-ohci-sysbus.c.obj
[1440/1753] Compiling C object libsystem.a.p/hw_usb_hcd-ehci-pci.c.obj
[1441/1753] Compiling C object libsystem.a.p/hw_usb_hcd-ehci.c.obj
[1442/1753] Compiling C object libsystem.a.p/hw_usb_hcd-ehci-sysbus.c.obj
[1443/1753] Compiling C object libsystem.a.p/hw_usb_hcd-xhci-pci.c.obj
[1444/1753] Compiling C object libsystem.a.p/hw_usb_hcd-xhci.c.obj
[1445/1753] Compiling C object libsystem.a.p/hw_usb_hcd-xhci-sysbus.c.obj
[1446/1753] Compiling C object libsystem.a.p/hw_usb_hcd-xhci-nec.c.obj
[1447/1753] Compiling C object libsystem.a.p/hw_usb_hcd-dwc3.c.obj
[1448/1753] Compiling C object libsystem.a.p/hw_usb_hcd-dwc2.c.obj
[1449/1753] Compiling C object libsystem.a.p/hw_usb_chipidea.c.obj
[1450/1753] Compiling C object libsystem.a.p/hw_usb_imx-usb-phy.c.obj
[1451/1753] Compiling C object libsystem.a.p/hw_usb_xlnx-versal-usb2-ctrl-regs.c.obj
[1452/1753] Compiling C object libsystem.a.p/hw_usb_xlnx-usb-subsystem.c.obj
[1453/1753] Compiling C object libsystem.a.p/hw_usb_dev-hub.c.obj
[1454/1753] Compiling C object libsystem.a.p/hw_usb_dev-hid.c.obj
[1455/1753] Compiling C object libsystem.a.p/hw_usb_dev-wacom.c.obj
[1456/1753] Compiling C object libsystem.a.p/hw_usb_dev-storage.c.obj
[1457/1753] Compiling C object libsystem.a.p/hw_usb_dev-storage-bot.c.obj
[1458/1753] Compiling C object libsystem.a.p/hw_usb_dev-storage-classic.c.obj
[1459/1753] Compiling C object libsystem.a.p/hw_usb_dev-uas.c.obj
[1460/1753] Compiling C object libsystem.a.p/hw_usb_dev-audio.c.obj
[1461/1753] Compiling C object libsystem.a.p/hw_usb_dev-serial.c.obj
[1462/1753] Compiling C object libsystem.a.p/hw_usb_dev-network.c.obj
[1463/1753] Compiling C object libsystem.a.p/hw_usb_dev-smartcard-reader.c.obj
[1464/1753] Compiling C object libsystem.a.p/hw_usb_u2f.c.obj
[1465/1753] Compiling C object libsystem.a.p/hw_virtio_virtio-bus.c.obj
[1466/1753] Compiling C object libsystem.a.p/hw_virtio_iothread-vq-mapping.c.obj
[1467/1753] Compiling C object libsystem.a.p/hw_virtio_virtio-config-io.c.obj
[1468/1753] Compiling C object libsystem.a.p/hw_virtio_virtio-pci.c.obj
[1469/1753] Compiling C object libsystem.a.p/hw_virtio_virtio-mmio.c.obj
[1470/1753] Compiling C object libsystem.a.p/hw_virtio_virtio-crypto.c.obj
[1471/1753] Compiling C object libsystem.a.p/hw_virtio_virtio-iommu.c.obj
[1472/1753] Compiling C object libsystem.a.p/hw_virtio_virtio-qmp.c.obj
[1473/1753] Compiling C object libsystem.a.p/hw_virtio_virtio-rng.c.obj
[1474/1753] Compiling C object libsystem.a.p/hw_virtio_virtio.c.obj
[1475/1753] Compiling C object libsystem.a.p/hw_virtio_virtio-rtc.c.obj
[1476/1753] Compiling C object libsystem.a.p/hw_virtio_virtio-balloon.c.obj
[1477/1753] Compiling C object libsystem.a.p/hw_virtio_virtio-crypto-pci.c.obj
[1478/1753] Compiling C object libsystem.a.p/hw_virtio_virtio-input-pci.c.obj
[1479/1753] Compiling C object libsystem.a.p/hw_virtio_virtio-rng-pci.c.obj
[1480/1753] Compiling C object libsystem.a.p/hw_virtio_virtio-rtc-pci.c.obj
[1481/1753] Compiling C object libsystem.a.p/hw_virtio_virtio-balloon-pci.c.obj
[1482/1753] Compiling C object libsystem.a.p/hw_virtio_virtio-scsi-pci.c.obj
[1483/1753] Compiling C object libsystem.a.p/hw_virtio_virtio-blk-pci.c.obj
[1484/1753] Compiling C object libsystem.a.p/hw_virtio_virtio-net-pci.c.obj
[1485/1753] Compiling C object libsystem.a.p/hw_virtio_virtio-serial-pci.c.obj
[1486/1753] Compiling C object libsystem.a.p/hw_virtio_virtio-iommu-pci.c.obj
[1487/1753] Compiling C object libsystem.a.p/hw_virtio_virtio-hmp-cmds.c.obj
[1488/1753] Compiling C object libsystem.a.p/hw_virtio_virtio-acpi.c.obj
[1489/1753] Compiling C object libsystem.a.p/hw_watchdog_watchdog.c.obj
[1490/1753] Compiling C object libsystem.a.p/hw_watchdog_allwinner-wdt.c.obj
[1491/1753] Compiling C object libsystem.a.p/hw_watchdog_cmsdk-apb-watchdog.c.obj
[1492/1753] Compiling C object libsystem.a.p/hw_watchdog_wdt_i6300esb.c.obj
[1493/1753] Compiling C object libsystem.a.p/hw_watchdog_wdt_aspeed.c.obj
[1494/1753] Compiling C object libsystem.a.p/hw_watchdog_wdt_imx2.c.obj
[1495/1753] Compiling C object libsystem.a.p/hw_watchdog_sbsa_gwdt.c.obj
[1496/1753] Compiling C object libsystem.a.p/hw_xen_xen_stubs.c.obj
[1497/1753] Compiling C object libsystem.a.p/hw_fsi_lbus.c.obj
[1498/1753] Compiling C object libsystem.a.p/hw_fsi_fsi.c.obj
[1499/1753] Compiling C object libsystem.a.p/hw_fsi_cfam.c.obj
[1500/1753] Compiling C object libsystem.a.p/hw_fsi_fsi-master.c.obj
[1501/1753] Compiling C object libsystem.a.p/hw_fsi_aspeed_apb2opb.c.obj
[1502/1753] Compiling C object libsystem.a.p/gdbstub_syscalls.c.obj
[1503/1753] Compiling C object libsystem.a.p/gdbstub_gdbstub.c.obj
[1504/1753] Compiling C object libsystem.a.p/block_blkreplay.c.obj
[1505/1753] Compiling C object libsystem.a.p/gdbstub_system.c.obj
[1506/1753] Compiling C object libsystem.a.p/block_block-ram-registrar.c.obj
[1507/1753] Compiling C object libsystem.a.p/block_qapi-system.c.obj
[1508/1753] Compiling C object libsystem.a.p/os-win32.c.obj
[1509/1753] Compiling C object libsystem.a.p/block_monitor_block-hmp-cmds.c.obj
[1510/1753] Compiling C object libsystem.a.p/cpu-target.c.obj
[1511/1753] Compiling C object libsystem.a.p/system_arch_init.c.obj
[1512/1753] Compiling C object libsystem.a.p/system_vl.c.obj
[1513/1753] Compiling C object libsystem.a.p/system_balloon.c.obj
[1514/1753] Compiling C object libsystem.a.p/system_bootdevice.c.obj
[1515/1753] Compiling C object libsystem.a.p/system_cpus.c.obj
[1516/1753] Compiling C object libsystem.a.p/system_cpu-timers.c.obj
[1517/1753] Compiling C object libsystem.a.p/system_dirtylimit.c.obj
[1518/1753] Compiling C object libsystem.a.p/system_dma-helpers.c.obj
[1519/1753] Compiling C object libsystem.a.p/system_exit-with-parent.c.obj
[1520/1753] Compiling C object libsystem.a.p/system_globals.c.obj
[1521/1753] Compiling C object libsystem.a.p/system_ioport.c.obj
[1522/1753] Compiling C object libsystem.a.p/system_ram-block-attributes.c.obj
[1523/1753] Compiling C object libsystem.a.p/system_ram-discard-manager.c.obj
[1524/1753] Compiling C object libsystem.a.p/system_memory_mapping.c.obj
[1525/1753] Compiling C object libsystem.a.p/system_memory.c.obj
[1526/1753] Compiling C object libsystem.a.p/system_physmem.c.obj
[1527/1753] Compiling C object libsystem.a.p/system_qdev-monitor.c.obj
[1528/1753] Compiling C object libsystem.a.p/system_qtest.c.obj
[1529/1753] Compiling C object libsystem.a.p/system_rtc.c.obj
[1530/1753] Compiling C object libsystem.a.p/system_runstate-action.c.obj
[1531/1753] Compiling C object libsystem.a.p/system_runstate-hmp-cmds.c.obj
[1532/1753] Compiling C object libsystem.a.p/system_tpm-hmp-cmds.c.obj
[1533/1753] Compiling C object libsystem.a.p/system_runstate.c.obj
[1534/1753] Compiling C object libsystem.a.p/system_watchpoint.c.obj
[1535/1753] Compiling C object libsystem.a.p/system_device_tree.c.obj
[1536/1753] Compiling C object libsystem.a.p/page-vary-system.c.obj
[1537/1753] Compiling C object libsystem.a.p/target-info-qom.c.obj
[1538/1753] Compiling C object libsystem.a.p/ui_curses.c.obj
[1539/1753] Compiling C object libsystem.a.p/ui_dbus-chardev.c.obj
[1540/1753] Compiling C object libsystem.a.p/ui_dbus-clipboard.c.obj
[1541/1753] Compiling C object libsystem.a.p/ui_dbus-console.c.obj
[1542/1753] Compiling C object libsystem.a.p/ui_dbus-error.c.obj
[1543/1753] Compiling C object libsystem.a.p/ui_dbus-listener.c.obj
[1544/1753] Compiling C object libsystem.a.p/ui_dbus.c.obj
[1545/1753] Compiling C object libsystem.a.p/accel_qtest_qtest.c.obj
[1546/1753] Compiling C object libsystem.a.p/hw_display_virtio-gpu-base.c.obj
[1547/1753] Compiling C object libsystem.a.p/hw_display_virtio-gpu-udmabuf-stubs.c.obj
[1548/1753] Compiling C object libsystem.a.p/hw_display_virtio-gpu.c.obj
[1549/1753] Compiling C object libsystem.a.p/hw_display_virtio-gpu-pci.c.obj
[1550/1753] Compiling C object libsystem.a.p/hw_uefi_var-service-core.c.obj
[1551/1753] Compiling C object libsystem.a.p/hw_uefi_var-service-pcap.c.obj
[1552/1753] Compiling C object libsystem.a.p/hw_uefi_var-service-json.c.obj
[1553/1753] Compiling C object libsystem.a.p/hw_uefi_var-service-vars.c.obj
[1554/1753] Compiling C object libsystem.a.p/hw_uefi_var-service-auth.c.obj
[1555/1753] Compiling C object libsystem.a.p/hw_uefi_var-service-guid.c.obj
[1556/1753] Compiling C object libsystem.a.p/hw_uefi_var-service-utils.c.obj
[1557/1753] Compiling C object libsystem.a.p/hw_uefi_var-service-policy.c.obj
[1558/1753] Compiling C object libsystem.a.p/hw_uefi_var-service-sysbus.c.obj
[1559/1753] Compiling C object libsystem.a.p/hw_uefi_var-service-pkcs7-stub.c.obj
[1560/1753] Compiling C object libsystem.a.p/hw_uefi_var-service-siglist.c.obj
[1561/1753] Compiling C object libcommon.a.p/meson-generated_.._gdbstub_gdbstub-xml.c.obj
[1562/1753] Compiling C object libcommon.a.p/accel_accel-common.c.obj
[1563/1753] Compiling C object libcommon.a.p/disas_disas-host.c.obj
[1564/1753] Compiling C object libcommon.a.p/disas_disas-target.c.obj
[1565/1753] Compiling C object libcommon.a.p/disas_objdump.c.obj
[1566/1753] Compiling C object libcommon.a.p/disas_disas-common.c.obj
[1567/1753] Compiling C object libcommon.a.p/plugins_loader.c.obj
[1568/1753] Compiling C object libcommon.a.p/hw_core_cpu-common.c.obj
[1569/1753] Compiling C object libcommon.a.p/hw_core_machine-smp.c.obj
[1570/1753] Compiling C object libcommon.a.p/cpu-common.c.obj
[1571/1753] Compiling C object libcommon.a.p/page-vary-common.c.obj
[1572/1753] Compiling C object libcommon.a.p/target-info.c.obj
[1573/1753] Compiling C object libcommon_arm.a.p/target_arm_mmuidx.c.obj
[1574/1753] Compiling C object libcommon_arm.a.p/target_arm_tcg_arith_helper.c.obj
[1575/1753] Compiling C object libcommon.a.p/fpu_softfloat.c.obj
[1576/1753] Compiling C object libcommon_arm.a.p/target_arm_tcg_crypto_helper.c.obj
[1577/1753] Compiling C object libcommon_arm.a.p/target_arm_tcg_idau.c.obj
[1578/1753] Compiling C object libsystem_arm.a.p/target_arm_gdbstub.c.obj
[1579/1753] Compiling C object libsystem_arm.a.p/target_arm_arm-qmp-cmds.c.obj
[1580/1753] Compiling C object libsystem_arm.a.p/target_arm_common-semi-target.c.obj
[1581/1753] Compiling C object libsystem_arm.a.p/target_arm_cpu.c.obj
[1582/1753] Compiling C object libsystem_arm.a.p/target_arm_arch_dump.c.obj
[1583/1753] Compiling C object libsystem_arm.a.p/target_arm_arm-powerctl.c.obj
[1584/1753] Compiling C object libsystem_arm.a.p/target_arm_cortex-regs.c.obj
[1585/1753] Compiling C object libsystem_arm.a.p/target_arm_cpregs-omap.c.obj
[1586/1753] Compiling C object libsystem_arm.a.p/target_arm_cpu-irq.c.obj
[1587/1753] Compiling C object libsystem_arm.a.p/target_arm_machine.c.obj
[1588/1753] Compiling C object libsystem_arm.a.p/target_arm_tcg_cpu-v7m.c.obj
[1589/1753] Compiling C object libsystem_arm.a.p/target_arm_ptw.c.obj
[1590/1753] Compiling C object libsystem_arm.a.p/target_arm_tcg_cpregs-at.c.obj
[1591/1753] Compiling C object libsystem_arm.a.p/target_arm_tcg_gicv5-cpuif.c.obj
[1592/1753] Compiling C object libsystem_arm.a.p/target_arm_tcg_psci.c.obj
[1593/1753] Compiling C object libsystem_arm.a.p/target_arm_tcg_tlb_helper.c.obj
[1594/1753] Compiling C object libsystem_arm.a.p/target_arm_tcg_tlb-insns.c.obj
[1595/1753] Compiling C object libsystem_arm.a.p/target_arm_cpregs-gcs.c.obj
[1596/1753] Compiling C object libsystem_arm.a.p/target_arm_cpregs-pmu.c.obj
[1597/1753] Compiling C object libsystem_arm.a.p/target_arm_cpu-max.c.obj
[1598/1753] Compiling C object libsystem_arm.a.p/target_arm_debug_helper.c.obj
[1599/1753] Compiling C object libsystem_arm.a.p/target_arm_vfp_fpscr.c.obj
[1600/1753] Compiling C object libsystem_arm.a.p/target_arm_gdbstub64.c.obj
[1601/1753] Compiling C object libsystem_arm.a.p/target_arm_helper.c.obj
[1602/1753] Compiling C object libsystem_arm.a.p/target_arm_tcg_debug.c.obj
[1603/1753] Compiling C object libsystem_arm.a.p/target_arm_tcg_hflags.c.obj
[1604/1753] Compiling C object libsystem_arm.a.p/target_arm_tcg_gengvec.c.obj
[1605/1753] Compiling C object libsystem_arm.a.p/target_arm_tcg_m_helper.c.obj
[1606/1753] Compiling C object libsystem_arm.a.p/target_arm_tcg_neon_helper.c.obj
[1607/1753] Compiling C object libsystem_arm.a.p/target_arm_tcg_op_helper.c.obj
[1608/1753] Compiling C object libsystem_arm.a.p/target_arm_tcg_mve_helper.c.obj
[1609/1753] Compiling C object libsystem_arm.a.p/target_arm_tcg_translate-m-nocp.c.obj
[1610/1753] Compiling C object libsystem_arm.a.p/target_arm_tcg_translate.c.obj
[1611/1753] Compiling C object libsystem_arm.a.p/target_arm_tcg_translate-mve.c.obj
[1612/1753] Compiling C object libsystem_arm.a.p/target_arm_tcg_translate-neon.c.obj
[1613/1753] Compiling C object libsystem_arm.a.p/target_arm_tcg_translate-vfp.c.obj
[1614/1753] Compiling C object libsystem_arm.a.p/target_arm_tcg_vfp_helper.c.obj
[1615/1753] Compiling C object libsystem_arm.a.p/target_arm_tcg_cpu64.c.obj
[1616/1753] Compiling C object libsystem_arm.a.p/hw_arm_virt.c.obj
[1617/1753] Compiling C object libsystem_arm.a.p/target_arm_tcg_vec_helper.c.obj
[1618/1753] Compiling C object libsystem_arm.a.p/hw_arm_virt-acpi-build.c.obj
[1619/1753] Compiling C object libsystem_arm.a.p/hw_arm_digic_boards.c.obj
[1620/1753] Compiling C object libsystem_arm.a.p/hw_arm_msf2-som.c.obj
[1621/1753] Compiling C object libsystem_arm.a.p/hw_arm_integratorcp.c.obj
[1622/1753] Compiling C object libsystem_arm.a.p/hw_arm_microbit.c.obj
[1623/1753] Compiling C object libsystem_arm.a.p/hw_arm_mps3r.c.obj
[1624/1753] Compiling C object libsystem_arm.a.p/hw_arm_musicpal.c.obj
[1625/1753] Compiling C object libsystem_arm.a.p/hw_arm_netduinoplus2.c.obj
[1626/1753] Compiling C object libsystem_arm.a.p/hw_arm_olimex-stm32-h405.c.obj
[1627/1753] Compiling C object libsystem_arm.a.p/hw_arm_npcm7xx.c.obj
[1628/1753] Compiling C object libsystem_arm.a.p/hw_arm_npcm7xx_boards.c.obj
[1629/1753] Compiling C object libsystem_arm.a.p/hw_arm_npcm8xx.c.obj
[1630/1753] Compiling C object libsystem_arm.a.p/hw_arm_npcm8xx_boards.c.obj
[1631/1753] Compiling C object libsystem_arm.a.p/hw_arm_realview.c.obj
[1632/1753] Compiling C object libsystem_arm.a.p/hw_arm_sbsa-ref.c.obj
[1633/1753] Compiling C object libsystem_arm.a.p/hw_arm_stellaris.c.obj
[1634/1753] Compiling C object libsystem_arm.a.p/hw_arm_stm32vldiscovery.c.obj
[1635/1753] Compiling C object libsystem_arm.a.p/hw_arm_xilinx_zynq.c.obj
[1636/1753] Compiling C object libsystem_arm.a.p/hw_arm_sabrelite.c.obj
[1637/1753] Compiling C object libsystem_arm.a.p/hw_arm_armv7m.c.obj
[1638/1753] Compiling C object libsystem_arm.a.p/hw_arm_exynos4210.c.obj
[1639/1753] Compiling C object libsystem_arm.a.p/hw_arm_digic.c.obj
[1640/1753] Compiling C object libsystem_arm.a.p/hw_arm_allwinner-a10.c.obj
[1641/1753] Compiling C object libsystem_arm.a.p/hw_arm_omap1.c.obj
[1642/1753] Compiling C object libsystem_arm.a.p/hw_arm_cubieboard.c.obj
[1643/1753] Compiling C object libsystem_arm.a.p/hw_arm_allwinner-h3.c.obj
[1644/1753] Compiling C object libsystem_arm.a.p/hw_arm_orangepi.c.obj
[1645/1753] Compiling C object libsystem_arm.a.p/hw_arm_allwinner-r40.c.obj
[1646/1753] Compiling C object libsystem_arm.a.p/hw_arm_bananapi_m2u.c.obj
[1647/1753] Compiling C object libsystem_arm.a.p/hw_arm_max78000_soc.c.obj
[1648/1753] Compiling C object libsystem_arm.a.p/hw_arm_bcm2836.c.obj
[1649/1753] Compiling C object libsystem_arm.a.p/hw_arm_bcm2838.c.obj
[1650/1753] Compiling C object libsystem_arm.a.p/hw_arm_raspi.c.obj
[1651/1753] Compiling C object libsystem_arm.a.p/hw_arm_raspi4b.c.obj
[1652/1753] Compiling C object libsystem_arm.a.p/hw_arm_stm32f100_soc.c.obj
[1653/1753] Compiling C object libsystem_arm.a.p/hw_arm_stm32f205_soc.c.obj
[1654/1753] Compiling C object libsystem_arm.a.p/hw_arm_stm32f405_soc.c.obj
[1655/1753] Compiling C object libsystem_arm.a.p/hw_arm_b-l475e-iot01a.c.obj
[1656/1753] Compiling C object libsystem_arm.a.p/hw_arm_stm32l4x5_soc.c.obj
[1657/1753] Compiling C object libsystem_arm.a.p/hw_arm_xlnx-zynqmp.c.obj
[1658/1753] Compiling C object libsystem_arm.a.p/hw_arm_xlnx-zcu102.c.obj
[1659/1753] Compiling C object libsystem_arm.a.p/hw_arm_xlnx-versal.c.obj
[1660/1753] Compiling C object libsystem_arm.a.p/hw_arm_xlnx-versal-virt.c.obj
[1661/1753] Compiling C object libsystem_arm.a.p/hw_arm_fsl-imx25.c.obj
[1662/1753] Compiling C object libsystem_arm.a.p/hw_arm_imx25_pdk.c.obj
[1663/1753] Compiling C object libsystem_arm.a.p/hw_arm_fsl-imx31.c.obj
[1664/1753] Compiling C object libsystem_arm.a.p/hw_arm_kzm.c.obj
[1665/1753] Compiling C object libsystem_arm.a.p/hw_arm_fsl-imx6.c.obj
[1666/1753] Compiling C object libsystem_arm.a.p/hw_arm_aspeed.c.obj
[1667/1753] Compiling C object libsystem_arm.a.p/hw_arm_aspeed_soc_common.c.obj
[1668/1753] Compiling C object libsystem_arm.a.p/hw_arm_aspeed_ast2400.c.obj
[1669/1753] Compiling C object libsystem_arm.a.p/hw_arm_aspeed_ast2400_palmetto.c.obj
[1670/1753] Compiling C object libsystem_arm.a.p/hw_arm_aspeed_ast2400_quanta-q71l.c.obj
[1671/1753] Compiling C object libsystem_arm.a.p/hw_arm_aspeed_ast2400_supermicrox11.c.obj
[1672/1753] Compiling C object libsystem_arm.a.p/hw_arm_aspeed_ast2500_evb.c.obj
[1673/1753] Compiling C object libsystem_arm.a.p/hw_arm_aspeed_ast2500_g220a.c.obj
[1674/1753] Compiling C object libsystem_arm.a.p/hw_arm_aspeed_ast2500_romulus.c.obj
[1675/1753] Compiling C object libsystem_arm.a.p/hw_arm_aspeed_ast2500_supermicro-x11spi.c.obj
[1676/1753] Compiling C object libsystem_arm.a.p/hw_arm_aspeed_ast2500_tiogapass.c.obj
[1677/1753] Compiling C object libsystem_arm.a.p/hw_arm_aspeed_ast2500_witherspoon.c.obj
[1678/1753] Compiling C object libsystem_arm.a.p/hw_arm_aspeed_ast2500_yosemitev2.c.obj
[1679/1753] Compiling C object libsystem_arm.a.p/hw_arm_aspeed_ast2600_anacapa.c.obj
[1680/1753] Compiling C object libsystem_arm.a.p/hw_arm_aspeed_ast2600.c.obj
[1681/1753] Compiling C object libsystem_arm.a.p/hw_arm_aspeed_ast2600_bletchley.c.obj
[1682/1753] Compiling C object libsystem_arm.a.p/hw_arm_aspeed_ast2600_catalina.c.obj
[1683/1753] Compiling C object libsystem_arm.a.p/hw_arm_aspeed_ast2600_evb.c.obj
[1684/1753] Compiling C object libsystem_arm.a.p/hw_arm_aspeed_ast2600_fby35.c.obj
[1685/1753] Compiling C object libsystem_arm.a.p/hw_arm_aspeed_ast2600_fuji.c.obj
[1686/1753] Compiling C object libsystem_arm.a.p/hw_arm_aspeed_ast2600_gb200nvl.c.obj
[1687/1753] Compiling C object libsystem_arm.a.p/hw_arm_aspeed_ast2600_rainier.c.obj
[1688/1753] Compiling C object libsystem_arm.a.p/hw_arm_aspeed_ast10x0.c.obj
[1689/1753] Compiling C object libsystem_arm.a.p/hw_arm_aspeed_ast10x0_evb.c.obj
[1690/1753] Compiling C object libsystem_arm.a.p/hw_arm_aspeed_ast1040.c.obj
[1691/1753] Compiling C object libsystem_arm.a.p/hw_arm_aspeed_ast1040_evb.c.obj
[1692/1753] Compiling C object libsystem_arm.a.p/hw_arm_aspeed_ast1700.c.obj
[1693/1753] Compiling C object libsystem_arm.a.p/hw_arm_aspeed_ast27x0_evb.c.obj
[1694/1753] Compiling C object libsystem_arm.a.p/hw_arm_aspeed_ast27x0.c.obj
[1695/1753] Compiling C object libsystem_arm.a.p/hw_arm_aspeed_ast27x0-fc.c.obj
[1696/1753] Compiling C object libsystem_arm.a.p/hw_arm_aspeed_ast27x0-ssp.c.obj
[1697/1753] Compiling C object libsystem_arm.a.p/hw_arm_aspeed_ast27x0-tsp.c.obj
[1698/1753] Compiling C object libsystem_arm.a.p/hw_arm_aspeed_coprocessor_common.c.obj
[1699/1753] Compiling C object libsystem_arm.a.p/hw_arm_mps2.c.obj
[1700/1753] Compiling C object libsystem_arm.a.p/hw_arm_mps2-tz.c.obj
[1701/1753] Compiling C object libsystem_arm.a.p/hw_arm_msf2-soc.c.obj
[1702/1753] Compiling C object libsystem_arm.a.p/hw_arm_musca.c.obj
[1703/1753] Compiling C object libsystem_arm.a.p/hw_arm_armsse.c.obj
[1704/1753] Compiling C object libsystem_arm.a.p/hw_arm_fsl-imx7.c.obj
[1705/1753] Compiling C object libsystem_arm.a.p/hw_arm_mcimx7d-sabre.c.obj
[1706/1753] Compiling C object libsystem_arm.a.p/hw_arm_fsl-imx8mp.c.obj
[1707/1753] Compiling C object libsystem_arm.a.p/hw_arm_imx8mp-evk.c.obj
[1708/1753] Compiling C object libsystem_arm.a.p/hw_arm_fsl-imx8mm.c.obj
[1709/1753] Compiling C object libsystem_arm.a.p/hw_arm_imx8mm-evk.c.obj
[1710/1753] Compiling C object libsystem_arm.a.p/hw_arm_fsl-imx6ul.c.obj
[1711/1753] Compiling C object libsystem_arm.a.p/hw_arm_smmuv3.c.obj
[1712/1753] Compiling C object libsystem_arm.a.p/hw_arm_mcimx6ul-evk.c.obj
[1713/1753] Compiling C object libsystem_arm.a.p/hw_arm_nrf51_soc.c.obj
[1714/1753] Compiling C object libsystem_arm.a.p/hw_arm_collie.c.obj
[1715/1753] Compiling C object libsystem_arm.a.p/hw_arm_smmu-common.c.obj
[1716/1753] Compiling C object libsystem_arm.a.p/hw_arm_exynos4_boards.c.obj
[1717/1753] Compiling C object libsystem_arm.a.p/hw_arm_max78000fthr.c.obj
[1718/1753] Compiling C object libsystem_arm.a.p/hw_arm_netduino2.c.obj
[1719/1753] Compiling C object libsystem_arm.a.p/hw_arm_bcm2835_peripherals.c.obj
[1720/1753] Compiling C object libsystem_arm.a.p/hw_arm_bcm2838_peripherals.c.obj
[1721/1753] Compiling C object libsystem_arm.a.p/hw_arm_strongarm.c.obj
[1722/1753] Compiling C object libsystem_arm.a.p/hw_arm_omap_sx1.c.obj
[1723/1753] Compiling C object libsystem_arm.a.p/hw_arm_versatilepb.c.obj
[1724/1753] Compiling C object libsystem_arm.a.p/hw_arm_vexpress.c.obj
[1725/1753] Compiling C object libsystem_arm.a.p/hw_arm_boot.c.obj
[1726/1753] Compiling C object libsystem_arm.a.p/hw_arm_darwin.c.obj
[1727/1753] Compiling C object libsystem_arm.a.p/hw_arm_xnuboot_sptm.c.obj
[1728/1753] Compiling C object libsystem_arm.a.p/hw_arm_xnu_patch.c.obj
[1729/1753] Compiling C object libsystem_arm.a.p/hw_arm_apple_dtree.c.obj
[1730/1753] Compiling C object libsystem_arm.a.p/hw_arm_apple_regs.c.obj
[1731/1753] Compiling C object libsystem_arm.a.p/hw_arm_apple_amcc.c.obj
[1732/1753] Compiling C object libsystem_arm.a.p/hw_arm_macho.c.obj
[1733/1753] Compiling C object libsystem_arm.a.p/hw_intc_arm_gicv3_cpuif_common.c.obj
[1734/1753] Compiling C object libsystem_arm.a.p/hw_intc_arm_gicv3_cpuif.c.obj
[1735/1753] Linking static target libstubs_arm.a
[1736/1753] Compiling C object libsystem_arm.a.p/hw_intc_armv7m_nvic.c.obj
[1737/1753] Compiling C object libqemu-aarch64-softmmu.a.p/configs_targets_aarch64-softmmu.c.obj
[1738/1753] Compiling C object libqemu-aarch64-softmmu.a.p/target_arm_cpu64.c.obj
[1739/1753] Compiling C object libqemu-aarch64-softmmu.a.p/target_arm_tcg_cpu32.c.obj
[1740/1753] Compiling C object libqemu-aarch64-softmmu.a.p/target_arm_tcg_gengvec64.c.obj
[1741/1753] Compiling C object libqemu-aarch64-softmmu.a.p/target_arm_tcg_translate-a64.c.obj
[1742/1753] Compiling C object libqemu-aarch64-softmmu.a.p/target_arm_tcg_translate-sve.c.obj
[1743/1753] Compiling C object libqemu-aarch64-softmmu.a.p/target_arm_tcg_translate-sme.c.obj
[1744/1753] Compiling C object libqemu-aarch64-softmmu.a.p/target_arm_tcg_translate-gxf.c.obj
[1745/1753] Compiling C object libqemu-aarch64-softmmu.a.p/target_arm_tcg_helper-a64.c.obj
[1746/1753] Compiling C object libqemu-aarch64-softmmu.a.p/target_arm_tcg_mte_helper.c.obj
[1747/1753] Compiling C object libqemu-aarch64-softmmu.a.p/target_arm_tcg_pauth_helper.c.obj
[1748/1753] Compiling C object libqemu-aarch64-softmmu.a.p/target_arm_tcg_sme_helper.c.obj
[1749/1753] Compiling C object libqemu-aarch64-softmmu.a.p/target_arm_tcg_vec_helper64.c.obj
[1750/1753] Compiling C object libqemu-aarch64-softmmu.a.p/target_arm_tcg_fp8_helper.c.obj
[1751/1753] Compiling C object qemu-system-aarch64.exe.p/system_main.c.obj
[1752/1753] Compiling C object libqemu-aarch64-softmmu.a.p/target_arm_tcg_sve_helper.c.obj
[1753/1753] Linking target qemu-system-aarch64.exe
EXIT: 0
